danceability,energy,key,loudness,mode,speechiness,acousticness,instrumentalness,liveness,valence,tempo,type,id,uri,track_href,analysis_url,duration_ms,time_signature,track_name,album_name,short_album_name,release_date,album_id
0.455,0.79,7,-4.049,1,0.0432,3.78e-06,0.00021,0.0866,0.22,125.964,audio_features,4JDjZ2AzlHnde5uUy0TveV,spotify:track:4JDjZ2AzlHnde5uUy0TveV,https://api.spotify.com/v1/tracks/4JDjZ2AzlHnde5uUy0TveV,https://api.spotify.com/v1/audio-analysis/4JDjZ2AzlHnde5uUy0TveV,217467,4,Realize,POWER UP,POWER UP,2020-11-13,3bTNxJYk2bwdWBMtrjBxb0
0.526,0.871,7,-4.132,1,0.032,1.74e-05,0.000142,0.0573,0.745,109.82,audio_features,4gLrfXB3CgRlIPH7KTVKA4,spotify:track:4gLrfXB3CgRlIPH7KTVKA4,https://api.spotify.com/v1/tracks/4gLrfXB3CgRlIPH7KTVKA4,https://api.spotify.com/v1/audio-analysis/4gLrfXB3CgRlIPH7KTVKA4,246467,4,Rejection,POWER UP,POWER UP,2020-11-13,3bTNxJYk2bwdWBMtrjBxb0
0.599,0.787,2,-4.708,1,0.0338,2.07e-05,5.27e-05,0.064,0.822,114.065,audio_features,0sfdiwck2xr4PteGOdyOfz,spotify:track:0sfdiwck2xr4PteGOdyOfz,https://api.spotify.com/v1/tracks/0sfdiwck2xr4PteGOdyOfz,https://api.spotify.com/v1/audio-analysis/0sfdiwck2xr4PteGOdyOfz,185133,4,Shot In The Dark,POWER UP,POWER UP,2020-11-13,3bTNxJYk2bwdWBMtrjBxb0
0.57,0.753,9,-5.98,1,0.0365,1.62e-06,0.627,0.133,0.477,119.99,audio_features,3FR2w9O5i9q3unY3gyjq6E,spotify:track:3FR2w9O5i9q3unY3gyjq6E,https://api.spotify.com/v1/tracks/3FR2w9O5i9q3unY3gyjq6E,https://api.spotify.com/v1/audio-analysis/3FR2w9O5i9q3unY3gyjq6E,212227,4,Through The Mists Of Time,POWER UP,POWER UP,2020-11-13,3bTNxJYk2bwdWBMtrjBxb0
0.675,0.93,0,-4.515,1,0.0319,8.32e-05,0.000454,0.315,0.778,110.013,audio_features,0Kq6RzOqkHxnfiA9OGqReU,spotify:track:0Kq6RzOqkHxnfiA9OGqReU,https://api.spotify.com/v1/tracks/0Kq6RzOqkHxnfiA9OGqReU,https://api.spotify.com/v1/audio-analysis/0Kq6RzOqkHxnfiA9OGqReU,190333,4,Kick You When You're Down,POWER UP,POWER UP,2020-11-13,3bTNxJYk2bwdWBMtrjBxb0
0.616,0.801,9,-4.39,1,0.0342,0.000165,3.97e-05,0.11,0.4,120.029,audio_features,06hy0gi5aLXcWRjnj9fgoh,spotify:track:06hy0gi5aLXcWRjnj9fgoh,https://api.spotify.com/v1/tracks/06hy0gi5aLXcWRjnj9fgoh,https://api.spotify.com/v1/audio-analysis/06hy0gi5aLXcWRjnj9fgoh,222253,4,Witch's Spell,POWER UP,POWER UP,2020-11-13,3bTNxJYk2bwdWBMtrjBxb0
0.521,0.881,9,-5.309,1,0.0387,4.93e-06,0.0114,0.141,0.564,160.026,audio_features,6jtUOVRO4p09Z7E35ERRL7,spotify:track:6jtUOVRO4p09Z7E35ERRL7,https://api.spotify.com/v1/tracks/6jtUOVRO4p09Z7E35ERRL7,https://api.spotify.com/v1/audio-analysis/6jtUOVRO4p09Z7E35ERRL7,210360,4,Demon Fire,POWER UP,POWER UP,2020-11-13,3bTNxJYk2bwdWBMtrjBxb0
0.737,0.709,0,-5.744,1,0.0337,0.00012,0.00294,0.199,0.839,108.016,audio_features,1ZyQEn0iceHj0Lbt6I6Op3,spotify:track:1ZyQEn0iceHj0Lbt6I6Op3,https://api.spotify.com/v1/tracks/1ZyQEn0iceHj0Lbt6I6Op3,https://api.spotify.com/v1/audio-analysis/1ZyQEn0iceHj0Lbt6I6Op3,174400,4,Wild Reputation,POWER UP,POWER UP,2020-11-13,3bTNxJYk2bwdWBMtrjBxb0
0.49,0.905,0,-4.488,1,0.03,0.000459,0.00934,0.202,0.537,94.988,audio_features,3fKXS93P7YOS4xEUnWzkUz,spotify:track:3fKXS93P7YOS4xEUnWzkUz,https://api.spotify.com/v1/tracks/3fKXS93P7YOS4xEUnWzkUz,https://api.spotify.com/v1/audio-analysis/3fKXS93P7YOS4xEUnWzkUz,219640,4,No Man's Land,POWER UP,POWER UP,2020-11-13,3bTNxJYk2bwdWBMtrjBxb0
0.649,0.849,9,-4.502,1,0.0326,1.9e-05,0.0852,0.0949,0.864,116.009,audio_features,1uhPCuhxeC9wEYl7smMByK,spotify:track:1uhPCuhxeC9wEYl7smMByK,https://api.spotify.com/v1/tracks/1uhPCuhxeC9wEYl7smMByK,https://api.spotify.com/v1/audio-analysis/1uhPCuhxeC9wEYl7smMByK,192640,4,Systems Down,POWER UP,POWER UP,2020-11-13,3bTNxJYk2bwdWBMtrjBxb0
0.628,0.83,7,-4.752,1,0.0626,0.00038,2.53e-05,0.0982,0.767,120.004,audio_features,0l3jBCAEdeLR9OgQqES9CI,spotify:track:0l3jBCAEdeLR9OgQqES9CI,https://api.spotify.com/v1/tracks/0l3jBCAEdeLR9OgQqES9CI,https://api.spotify.com/v1/audio-analysis/0l3jBCAEdeLR9OgQqES9CI,185320,4,Money Shot,POWER UP,POWER UP,2020-11-13,3bTNxJYk2bwdWBMtrjBxb0
0.549,0.731,2,-5.617,1,0.035,0.000123,1.28e-05,0.0655,0.622,86.239,audio_features,1nuPjx9gZH0aHZt8Q5Njx6,spotify:track:1nuPjx9gZH0aHZt8Q5Njx6,https://api.spotify.com/v1/tracks/1nuPjx9gZH0aHZt8Q5Njx6,https://api.spotify.com/v1/audio-analysis/1nuPjx9gZH0aHZt8Q5Njx6,211147,4,Code Red,POWER UP,POWER UP,2020-11-13,3bTNxJYk2bwdWBMtrjBxb0
0.572,0.825,8,-3.977,1,0.04,7.13e-05,0.000134,0.134,0.56,98.057,audio_features,2vyae4DvSU2gs8OMOGwXF2,spotify:track:2vyae4DvSU2gs8OMOGwXF2,https://api.spotify.com/v1/tracks/2vyae4DvSU2gs8OMOGwXF2,https://api.spotify.com/v1/audio-analysis/2vyae4DvSU2gs8OMOGwXF2,183053,4,Rock or Bust,Rock or Bust,Rock or Bust,2014-11-28,6OwvO40ahugJE5PH4TjqTg
0.52,0.872,0,-4.354,1,0.0383,6.71e-06,0.246,0.207,0.449,120.006,audio_features,3fpzBeEHvuXKOl7QeVe1iz,spotify:track:3fpzBeEHvuXKOl7QeVe1iz,https://api.spotify.com/v1/tracks/3fpzBeEHvuXKOl7QeVe1iz,https://api.spotify.com/v1/audio-analysis/3fpzBeEHvuXKOl7QeVe1iz,167133,4,Play Ball,Rock or Bust,Rock or Bust,2014-11-28,6OwvO40ahugJE5PH4TjqTg
0.537,0.88,5,-4.902,1,0.0353,0.000131,0.00531,0.135,0.37,120.976,audio_features,5xGHeN58fFOcORW0pRZznn,spotify:track:5xGHeN58fFOcORW0pRZznn,https://api.spotify.com/v1/tracks/5xGHeN58fFOcORW0pRZznn,https://api.spotify.com/v1/audio-analysis/5xGHeN58fFOcORW0pRZznn,204373,4,Rock the Blues Away,Rock or Bust,Rock or Bust,2014-11-28,6OwvO40ahugJE5PH4TjqTg
0.51,0.896,9,-3.585,1,0.0624,1.09e-05,0.000771,0.0826,0.652,120.134,audio_features,4WpGOn71DcfB9zMvnN9mLl,spotify:track:4WpGOn71DcfB9zMvnN9mLl,https://api.spotify.com/v1/tracks/4WpGOn71DcfB9zMvnN9mLl,https://api.spotify.com/v1/audio-analysis/4WpGOn71DcfB9zMvnN9mLl,177253,4,Miss Adventure,Rock or Bust,Rock or Bust,2014-11-28,6OwvO40ahugJE5PH4TjqTg
0.502,0.816,9,-4.562,1,0.0329,4.71e-05,0.0217,0.302,0.475,99.372,audio_features,2eSsmjwzDB9JTGvn2ZPLE9,spotify:track:2eSsmjwzDB9JTGvn2ZPLE9,https://api.spotify.com/v1/tracks/2eSsmjwzDB9JTGvn2ZPLE9,https://api.spotify.com/v1/audio-analysis/2eSsmjwzDB9JTGvn2ZPLE9,215440,4,Dogs of War,Rock or Bust,Rock or Bust,2014-11-28,6OwvO40ahugJE5PH4TjqTg
0.626,0.833,2,-4.352,1,0.0285,0.000157,0.000717,0.0608,0.863,107.572,audio_features,5CqTorhnA1GUNh1Z8PnGiS,spotify:track:5CqTorhnA1GUNh1Z8PnGiS,https://api.spotify.com/v1/tracks/5CqTorhnA1GUNh1Z8PnGiS,https://api.spotify.com/v1/audio-analysis/5CqTorhnA1GUNh1Z8PnGiS,202587,4,Got Some Rock & Roll Thunder,Rock or Bust,Rock or Bust,2014-11-28,6OwvO40ahugJE5PH4TjqTg
0.57,0.758,9,-4.362,1,0.036,5.64e-05,0.0304,0.448,0.451,93.095,audio_features,5aoTIWdzgcjGo3SdjxqWSf,spotify:track:5aoTIWdzgcjGo3SdjxqWSf,https://api.spotify.com/v1/tracks/5aoTIWdzgcjGo3SdjxqWSf,https://api.spotify.com/v1/audio-analysis/5aoTIWdzgcjGo3SdjxqWSf,164227,4,Hard Times,Rock or Bust,Rock or Bust,2014-11-28,6OwvO40ahugJE5PH4TjqTg
0.457,0.93,9,-4.203,1,0.0588,4.67e-06,0.197,0.174,0.674,150.188,audio_features,1ULNWGJD3skjg0jWjhCFHc,spotify:track:1ULNWGJD3skjg0jWjhCFHc,https://api.spotify.com/v1/tracks/1ULNWGJD3skjg0jWjhCFHc,https://api.spotify.com/v1/audio-analysis/1ULNWGJD3skjg0jWjhCFHc,210200,4,Baptism By Fire,Rock or Bust,Rock or Bust,2014-11-28,6OwvO40ahugJE5PH4TjqTg
0.448,0.94,11,-3.52,1,0.0516,4.94e-05,3.13e-05,0.0975,0.593,91.212,audio_features,57NrsUX4Ix819R67iiwcos,spotify:track:57NrsUX4Ix819R67iiwcos,https://api.spotify.com/v1/tracks/57NrsUX4Ix819R67iiwcos,https://api.spotify.com/v1/audio-analysis/57NrsUX4Ix819R67iiwcos,162840,4,Rock the House,Rock or Bust,Rock or Bust,2014-11-28,6OwvO40ahugJE5PH4TjqTg
0.449,0.847,11,-4.31,1,0.0463,6.25e-06,0.032,0.133,0.654,192.149,audio_features,7qnCJHj5rzdKzQKkQmrlad,spotify:track:7qnCJHj5rzdKzQKkQmrlad,https://api.spotify.com/v1/tracks/7qnCJHj5rzdKzQKkQmrlad,https://api.spotify.com/v1/audio-analysis/7qnCJHj5rzdKzQKkQmrlad,189720,4,Sweet Candy,Rock or Bust,Rock or Bust,2014-11-28,6OwvO40ahugJE5PH4TjqTg
0.409,0.858,5,-4.644,1,0.0393,0.000104,0.135,0.212,0.628,168.955,audio_features,1v2dqCvCUf2TmxtbKXvLFN,spotify:track:1v2dqCvCUf2TmxtbKXvLFN,https://api.spotify.com/v1/tracks/1v2dqCvCUf2TmxtbKXvLFN,https://api.spotify.com/v1/audio-analysis/1v2dqCvCUf2TmxtbKXvLFN,221360,4,Emission Control,Rock or Bust,Rock or Bust,2014-11-28,6OwvO40ahugJE5PH4TjqTg
0.461,0.965,1,-5.087,1,0.067,0.000379,2.17e-05,0.931,0.432,125.742,audio_features,2hzg8fX8NGSK4loyJbNLr1,spotify:track:2hzg8fX8NGSK4loyJbNLr1,https://api.spotify.com/v1/tracks/2hzg8fX8NGSK4loyJbNLr1,https://api.spotify.com/v1/audio-analysis/2hzg8fX8NGSK4loyJbNLr1,281280,4,"Rock N Roll Train - Live at River Plate Stadium, Buenos Aires, Argentina - December 2009",Live at River Plate,Live at River Plate,2012-11-19,4H6JMsvxmh0U7VBYiWiyLa
0.361,0.954,1,-4.608,1,0.0772,0.000918,0.0,0.977,0.375,129.602,audio_features,5x1wkgdotvZwgmgscxFWcz,spotify:track:5x1wkgdotvZwgmgscxFWcz,https://api.spotify.com/v1/tracks/5x1wkgdotvZwgmgscxFWcz,https://api.spotify.com/v1/audio-analysis/5x1wkgdotvZwgmgscxFWcz,267600,4,"Hell Ain't a Bad Place to Be - Live at River Plate Stadium, Buenos Aires, Argentina - December 2009",Live at River Plate,Live at River Plate,2012-11-19,4H6JMsvxmh0U7VBYiWiyLa
0.324,0.95,8,-4.553,1,0.0774,0.000593,1.28e-06,0.987,0.511,92.703,audio_features,7JLqofLzcpdjFHc6oRSBGf,spotify:track:7JLqofLzcpdjFHc6oRSBGf,https://api.spotify.com/v1/tracks/7JLqofLzcpdjFHc6oRSBGf,https://api.spotify.com/v1/audio-analysis/7JLqofLzcpdjFHc6oRSBGf,255053,4,"Back In Black - Live at River Plate Stadium, Buenos Aires, Argentina - December 2009",Live at River Plate,Live at River Plate,2012-11-19,4H6JMsvxmh0U7VBYiWiyLa
0.474,0.974,10,-4.566,0,0.0635,0.000912,0.0,0.989,0.421,130.935,audio_features,4eJTrppVPYaf4RTVhFoLiV,spotify:track:4eJTrppVPYaf4RTVhFoLiV,https://api.spotify.com/v1/tracks/4eJTrppVPYaf4RTVhFoLiV,https://api.spotify.com/v1/audio-analysis/4eJTrppVPYaf4RTVhFoLiV,247960,4,"Big Jack - Live at River Plate Stadium, Buenos Aires, Argentina - December 2009",Live at River Plate,Live at River Plate,2012-11-19,4H6JMsvxmh0U7VBYiWiyLa
0.277,0.934,8,-4.788,1,0.118,0.000979,1.92e-05,0.972,0.416,140.06,audio_features,0q3cKVAjGC0NqmkcEcQDy8,spotify:track:0q3cKVAjGC0NqmkcEcQDy8,https://api.spotify.com/v1/tracks/0q3cKVAjGC0NqmkcEcQDy8,https://api.spotify.com/v1/audio-analysis/0q3cKVAjGC0NqmkcEcQDy8,298827,4,"Dirty Deeds Done Dirt Cheap - Live at River Plate Stadium, Buenos Aires, Argentina - December 2009",Live at River Plate,Live at River Plate,2012-11-19,4H6JMsvxmh0U7VBYiWiyLa
0.378,0.965,1,-4.126,1,0.0818,8.26e-05,3.09e-06,0.968,0.414,135.138,audio_features,6q7XBzRnDqSXggczzNgSbE,spotify:track:6q7XBzRnDqSXggczzNgSbE,https://api.spotify.com/v1/tracks/6q7XBzRnDqSXggczzNgSbE,https://api.spotify.com/v1/audio-analysis/6q7XBzRnDqSXggczzNgSbE,227400,4,"Shot Down in Flames - Live at River Plate Stadium, Buenos Aires, Argentina - December 2009",Live at River Plate,Live at River Plate,2012-11-19,4H6JMsvxmh0U7VBYiWiyLa
0.315,0.982,3,-4.872,1,0.109,0.000842,3.48e-05,0.982,0.327,130.095,audio_features,7eHlRQ5acXEIMdGAKe00fO,spotify:track:7eHlRQ5acXEIMdGAKe00fO,https://api.spotify.com/v1/tracks/7eHlRQ5acXEIMdGAKe00fO,https://api.spotify.com/v1/audio-analysis/7eHlRQ5acXEIMdGAKe00fO,332493,4,"Thunderstruck - Live at River Plate Stadium, Buenos Aires, Argentina - December 2009",Live at River Plate,Live at River Plate,2012-11-19,4H6JMsvxmh0U7VBYiWiyLa
0.319,0.958,1,-5.557,1,0.0513,0.000141,0.000457,0.994,0.528,92.956,audio_features,0YhEKbKui5CB39vlvUzpkm,spotify:track:0YhEKbKui5CB39vlvUzpkm,https://api.spotify.com/v1/tracks/0YhEKbKui5CB39vlvUzpkm,https://api.spotify.com/v1/audio-analysis/0YhEKbKui5CB39vlvUzpkm,224067,4,"Black Ice - Live at River Plate Stadium, Buenos Aires, Argentina - December 2009",Live at River Plate,Live at River Plate,2012-11-19,4H6JMsvxmh0U7VBYiWiyLa
0.34,0.937,8,-6.017,1,0.116,0.00644,0.00148,0.965,0.263,73.837,audio_features,7DXTI7oKuIr06wNQ7WVmjV,spotify:track:7DXTI7oKuIr06wNQ7WVmjV,https://api.spotify.com/v1/tracks/7DXTI7oKuIr06wNQ7WVmjV,https://api.spotify.com/v1/audio-analysis/7DXTI7oKuIr06wNQ7WVmjV,612480,4,"The Jack - Live at River Plate Stadium, Buenos Aires, Argentina - December 2009",Live at River Plate,Live at River Plate,2012-11-19,4H6JMsvxmh0U7VBYiWiyLa
0.297,0.923,1,-5.054,1,0.0577,0.000227,7.71e-06,0.954,0.247,117.026,audio_features,6ZIM0F8bSeI2OH6n3sJByc,spotify:track:6ZIM0F8bSeI2OH6n3sJByc,https://api.spotify.com/v1/tracks/6ZIM0F8bSeI2OH6n3sJByc,https://api.spotify.com/v1/audio-analysis/6ZIM0F8bSeI2OH6n3sJByc,337800,4,"Hells Bells - Live at River Plate Stadium, Buenos Aires, Argentina - December 2009",Live at River Plate,Live at River Plate,2012-11-19,4H6JMsvxmh0U7VBYiWiyLa
0.309,0.973,1,-5.045,1,0.124,0.000698,7.64e-06,0.991,0.222,139.89,audio_features,3C4D0HOQdvc4AWhMeW4fFt,spotify:track:3C4D0HOQdvc4AWhMeW4fFt,https://api.spotify.com/v1/tracks/3C4D0HOQdvc4AWhMeW4fFt,https://api.spotify.com/v1/audio-analysis/3C4D0HOQdvc4AWhMeW4fFt,355987,4,"Shoot to Thrill - Live at River Plate Stadium, Buenos Aires, Argentina - December 2009",Live at River Plate,Live at River Plate,2012-11-19,4H6JMsvxmh0U7VBYiWiyLa
0.527,0.951,8,-5.805,1,0.085,0.000505,4.18e-06,0.963,0.562,130.996,audio_features,26xgWDWwV01L1f3jV1Fu3D,spotify:track:26xgWDWwV01L1f3jV1Fu3D,https://api.spotify.com/v1/tracks/26xgWDWwV01L1f3jV1Fu3D,https://api.spotify.com/v1/audio-analysis/26xgWDWwV01L1f3jV1Fu3D,219200,4,"War Machine - Live at River Plate Stadium, Buenos Aires, Argentina - December 2009",Live at River Plate,Live at River Plate,2012-11-19,4H6JMsvxmh0U7VBYiWiyLa
0.423,0.921,8,-6.108,1,0.117,0.00128,0.0135,0.921,0.183,138.441,audio_features,1hBoa6sbaicdHqQY3a9xWF,spotify:track:1hBoa6sbaicdHqQY3a9xWF,https://api.spotify.com/v1/tracks/1hBoa6sbaicdHqQY3a9xWF,https://api.spotify.com/v1/audio-analysis/1hBoa6sbaicdHqQY3a9xWF,309880,4,"Dog Eat Dog - Live at River Plate Stadium, Buenos Aires, Argentina - December 2009",Live at River Plate,Live at River Plate,2012-11-19,4H6JMsvxmh0U7VBYiWiyLa
0.404,0.966,6,-4.83,1,0.0863,0.00172,0.0,0.752,0.622,129.914,audio_features,778MsQxm8FaGUpZH6jttfr,spotify:track:778MsQxm8FaGUpZH6jttfr,https://api.spotify.com/v1/tracks/778MsQxm8FaGUpZH6jttfr,https://api.spotify.com/v1/audio-analysis/778MsQxm8FaGUpZH6jttfr,241653,4,"You Shook Me All Night Long - Live at River Plate Stadium, Buenos Aires, Argentina - December 2009",Live at River Plate,Live at River Plate,2012-11-19,4H6JMsvxmh0U7VBYiWiyLa
0.322,0.97,8,-4.654,1,0.166,0.000956,5.97e-05,0.977,0.284,130.349,audio_features,5q7dkO4CQpC3INAvMx55wT,spotify:track:5q7dkO4CQpC3INAvMx55wT,https://api.spotify.com/v1/tracks/5q7dkO4CQpC3INAvMx55wT,https://api.spotify.com/v1/audio-analysis/5q7dkO4CQpC3INAvMx55wT,237333,4,"T.N.T. - Live at River Plate Stadium, Buenos Aires, Argentina - December 2009",Live at River Plate,Live at River Plate,2012-11-19,4H6JMsvxmh0U7VBYiWiyLa
0.179,0.968,1,-4.46,1,0.0948,6.13e-05,3.27e-05,0.948,0.256,150.944,audio_features,6bZQwL1KmpE3y4TH3jIVgr,spotify:track:6bZQwL1KmpE3y4TH3jIVgr,https://api.spotify.com/v1/tracks/6bZQwL1KmpE3y4TH3jIVgr,https://api.spotify.com/v1/audio-analysis/6bZQwL1KmpE3y4TH3jIVgr,357587,4,"Whole Lotta Rosie - Live at River Plate Stadium, Buenos Aires, Argentina - December 2009",Live at River Plate,Live at River Plate,2012-11-19,4H6JMsvxmh0U7VBYiWiyLa
0.249,0.99,1,-5.06,1,0.178,0.00166,0.42,0.556,0.0621,111.927,audio_features,2q0FeOVtIivDv9WWzvPH6J,spotify:track:2q0FeOVtIivDv9WWzvPH6J,https://api.spotify.com/v1/tracks/2q0FeOVtIivDv9WWzvPH6J,https://api.spotify.com/v1/audio-analysis/2q0FeOVtIivDv9WWzvPH6J,1086853,4,"Let There Be Rock - Live at River Plate Stadium, Buenos Aires, Argentina - December 2009",Live at River Plate,Live at River Plate,2012-11-19,4H6JMsvxmh0U7VBYiWiyLa
0.3,0.973,1,-5.142,1,0.116,0.0167,0.0,0.959,0.227,124.496,audio_features,7vTCGXUv3XOKScExgMtmel,spotify:track:7vTCGXUv3XOKScExgMtmel,https://api.spotify.com/v1/tracks/7vTCGXUv3XOKScExgMtmel,https://api.spotify.com/v1/audio-analysis/7vTCGXUv3XOKScExgMtmel,284253,4,"Highway to Hell - Live at River Plate Stadium, Buenos Aires, Argentina - December 2009",Live at River Plate,Live at River Plate,2012-11-19,4H6JMsvxmh0U7VBYiWiyLa
0.225,0.953,3,-5.026,1,0.109,0.000331,6.96e-06,0.984,0.395,126.714,audio_features,6CszSinwzUcQRponsCm2CR,spotify:track:6CszSinwzUcQRponsCm2CR,https://api.spotify.com/v1/tracks/6CszSinwzUcQRponsCm2CR,https://api.spotify.com/v1/audio-analysis/6CszSinwzUcQRponsCm2CR,465427,4,"For Those About to Rock (We Salute You) - Live at River Plate Stadium, Buenos Aires, Argentina - December 2009",Live at River Plate,Live at River Plate,2012-11-19,4H6JMsvxmh0U7VBYiWiyLa
0.547,0.931,2,-2.356,1,0.0615,0.000998,0.0118,0.278,0.697,118.4,audio_features,4feXJ5IC3avXsVW9WNFSag,spotify:track:4feXJ5IC3avXsVW9WNFSag,https://api.spotify.com/v1/tracks/4feXJ5IC3avXsVW9WNFSag,https://api.spotify.com/v1/audio-analysis/4feXJ5IC3avXsVW9WNFSag,261507,4,Rock N Roll Train,Black Ice,Black Ice,2008-10-20,7qVfz4UGONwEd5nQjj0ESN
0.554,0.657,2,-3.197,1,0.0283,0.000411,0.00757,0.182,0.583,93.899,audio_features,4K3ReloaWQZmMz6jrLQ34V,spotify:track:4K3ReloaWQZmMz6jrLQ34V,https://api.spotify.com/v1/tracks/4K3ReloaWQZmMz6jrLQ34V,https://api.spotify.com/v1/audio-analysis/4K3ReloaWQZmMz6jrLQ34V,214173,4,Skies on Fire,Black Ice,Black Ice,2008-10-20,7qVfz4UGONwEd5nQjj0ESN
0.535,0.891,11,-2.754,0,0.0417,0.000159,0.0054,0.0992,0.436,125.796,audio_features,6vgEMqEmhSkv2G23nl1VTu,spotify:track:6vgEMqEmhSkv2G23nl1VTu,https://api.spotify.com/v1/tracks/6vgEMqEmhSkv2G23nl1VTu,https://api.spotify.com/v1/audio-analysis/6vgEMqEmhSkv2G23nl1VTu,237067,4,Big Jack,Black Ice,Black Ice,2008-10-20,7qVfz4UGONwEd5nQjj0ESN
0.605,0.9,2,-2.717,1,0.0291,0.000522,0.0271,0.0466,0.467,120.895,audio_features,4OrKIUhgiIiOefxwmrVedV,spotify:track:4OrKIUhgiIiOefxwmrVedV,https://api.spotify.com/v1/tracks/4OrKIUhgiIiOefxwmrVedV,https://api.spotify.com/v1/audio-analysis/4OrKIUhgiIiOefxwmrVedV,202160,4,Anything Goes,Black Ice,Black Ice,2008-10-20,7qVfz4UGONwEd5nQjj0ESN
0.518,0.718,9,-4.355,1,0.0343,4.85e-05,0.244,0.25,0.531,127.593,audio_features,5YnNWHKCJaJKwbagXDb5Uf,spotify:track:5YnNWHKCJaJKwbagXDb5Uf,https://api.spotify.com/v1/tracks/5YnNWHKCJaJKwbagXDb5Uf,https://api.spotify.com/v1/audio-analysis/5YnNWHKCJaJKwbagXDb5Uf,189787,4,War Machine,Black Ice,Black Ice,2008-10-20,7qVfz4UGONwEd5nQjj0ESN
0.5,0.82,2,-3.517,1,0.0279,6.54e-05,0.0124,0.152,0.307,98.705,audio_features,6GIow0bPNRxQwCgCJODRHq,spotify:track:6GIow0bPNRxQwCgCJODRHq,https://api.spotify.com/v1/tracks/6GIow0bPNRxQwCgCJODRHq,https://api.spotify.com/v1/audio-analysis/6GIow0bPNRxQwCgCJODRHq,246413,4,Smash N Grab,Black Ice,Black Ice,2008-10-20,7qVfz4UGONwEd5nQjj0ESN
0.578,0.823,9,-3.163,1,0.0325,5.59e-05,0.00254,0.0721,0.387,123.429,audio_features,5yx3jekDsFzX987CIHX2Yn,spotify:track:5yx3jekDsFzX987CIHX2Yn,https://api.spotify.com/v1/tracks/5yx3jekDsFzX987CIHX2Yn,https://api.spotify.com/v1/audio-analysis/5yx3jekDsFzX987CIHX2Yn,197080,4,Spoilin' for a Fight,Black Ice,Black Ice,2008-10-20,7qVfz4UGONwEd5nQjj0ESN
0.494,0.843,9,-3.079,1,0.0338,9.83e-05,0.000275,0.255,0.689,132.385,audio_features,2L4PQQuGuGaCpT8pYNxka6,spotify:track:2L4PQQuGuGaCpT8pYNxka6,https://api.spotify.com/v1/tracks/2L4PQQuGuGaCpT8pYNxka6,https://api.spotify.com/v1/audio-analysis/2L4PQQuGuGaCpT8pYNxka6,208493,4,Wheels,Black Ice,Black Ice,2008-10-20,7qVfz4UGONwEd5nQjj0ESN
0.618,0.722,9,-3.438,0,0.0277,0.00153,0.00361,0.137,0.849,96.436,audio_features,1KS8jTXFTx6Ue7GijLLGTU,spotify:track:1KS8jTXFTx6Ue7GijLLGTU,https://api.spotify.com/v1/tracks/1KS8jTXFTx6Ue7GijLLGTU,https://api.spotify.com/v1/audio-analysis/1KS8jTXFTx6Ue7GijLLGTU,213880,4,Decibel,Black Ice,Black Ice,2008-10-20,7qVfz4UGONwEd5nQjj0ESN
0.525,0.789,0,-4.05,1,0.0269,0.00026,0.000207,0.101,0.222,95.319,audio_features,4Pm55wDKHjx8JQtzUK0loE,spotify:track:4Pm55wDKHjx8JQtzUK0loE,https://api.spotify.com/v1/tracks/4Pm55wDKHjx8JQtzUK0loE,https://api.spotify.com/v1/audio-analysis/4Pm55wDKHjx8JQtzUK0loE,190213,4,Stormy May Day,Black Ice,Black Ice,2008-10-20,7qVfz4UGONwEd5nQjj0ESN
0.596,0.651,9,-3.822,1,0.0368,0.00157,4.43e-06,0.0762,0.587,103.844,audio_features,6QitPoNJ9DPtBAA5N6LWYA,spotify:track:6QitPoNJ9DPtBAA5N6LWYA,https://api.spotify.com/v1/tracks/6QitPoNJ9DPtBAA5N6LWYA,https://api.spotify.com/v1/audio-analysis/6QitPoNJ9DPtBAA5N6LWYA,232947,4,She Likes Rock N Roll,Black Ice,Black Ice,2008-10-20,7qVfz4UGONwEd5nQjj0ESN
0.58,0.709,0,-3.593,1,0.0277,0.000432,0.00277,0.107,0.677,85.538,audio_features,7kiKiDlZVrwufrqegBdUqt,spotify:track:7kiKiDlZVrwufrqegBdUqt,https://api.spotify.com/v1/tracks/7kiKiDlZVrwufrqegBdUqt,https://api.spotify.com/v1/audio-analysis/7kiKiDlZVrwufrqegBdUqt,255453,4,Money Made,Black Ice,Black Ice,2008-10-20,7qVfz4UGONwEd5nQjj0ESN
0.492,0.661,10,-5.497,1,0.0249,0.00344,0.000585,0.241,0.389,106.634,audio_features,6RYm3vNuXgILX6yTVWl4ln,spotify:track:6RYm3vNuXgILX6yTVWl4ln,https://api.spotify.com/v1/tracks/6RYm3vNuXgILX6yTVWl4ln,https://api.spotify.com/v1/audio-analysis/6RYm3vNuXgILX6yTVWl4ln,280907,4,Rock N Roll Dream,Black Ice,Black Ice,2008-10-20,7qVfz4UGONwEd5nQjj0ESN
0.556,0.849,0,-4.044,1,0.0306,0.000364,0.000274,0.126,0.451,124.99,audio_features,54Qq4F7r3l1CsMOVxj2GJQ,spotify:track:54Qq4F7r3l1CsMOVxj2GJQ,https://api.spotify.com/v1/tracks/54Qq4F7r3l1CsMOVxj2GJQ,https://api.spotify.com/v1/audio-analysis/54Qq4F7r3l1CsMOVxj2GJQ,202493,4,Rocking All the Way,Black Ice,Black Ice,2008-10-20,7qVfz4UGONwEd5nQjj0ESN
0.501,0.889,4,-3.89,0,0.0296,0.000323,0.00164,0.186,0.442,94.37,audio_features,3Axmw41lmMoXih3NJYzbXb,spotify:track:3Axmw41lmMoXih3NJYzbXb,https://api.spotify.com/v1/tracks/3Axmw41lmMoXih3NJYzbXb,https://api.spotify.com/v1/audio-analysis/3Axmw41lmMoXih3NJYzbXb,205107,4,Black Ice,Black Ice,Black Ice,2008-10-20,7qVfz4UGONwEd5nQjj0ESN
0.588,0.851,7,-4.206,1,0.033,0.0344,0.00773,0.16,0.706,123.691,audio_features,1KBuhAHzia2qoD4u6YhvER,spotify:track:1KBuhAHzia2qoD4u6YhvER,https://api.spotify.com/v1/tracks/1KBuhAHzia2qoD4u6YhvER,https://api.spotify.com/v1/audio-analysis/1KBuhAHzia2qoD4u6YhvER,214560,4,Stiff Upper Lip,Stiff Upper Lip,Stiff Upper Lip,2000-02-25,5JPVHEB67TREre4Q8JOfCQ
0.615,0.702,9,-3.825,1,0.0463,0.0631,4.86e-06,0.0805,0.599,111.865,audio_features,6x4UZ92rUZbRxUzvx0JVl6,spotify:track:6x4UZ92rUZbRxUzvx0JVl6,https://api.spotify.com/v1/tracks/6x4UZ92rUZbRxUzvx0JVl6,https://api.spotify.com/v1/audio-analysis/6x4UZ92rUZbRxUzvx0JVl6,221067,4,Meltdown,Stiff Upper Lip,Stiff Upper Lip,2000-02-25,5JPVHEB67TREre4Q8JOfCQ
0.615,0.567,9,-4.976,1,0.0321,0.0178,0.0814,0.227,0.632,85.762,audio_features,2BNFtsFjAXw46wRq0injZj,spotify:track:2BNFtsFjAXw46wRq0injZj,https://api.spotify.com/v1/tracks/2BNFtsFjAXw46wRq0injZj,https://api.spotify.com/v1/audio-analysis/2BNFtsFjAXw46wRq0injZj,236427,4,House of Jazz,Stiff Upper Lip,Stiff Upper Lip,2000-02-25,5JPVHEB67TREre4Q8JOfCQ
0.731,0.659,0,-5.259,1,0.0391,0.0449,0.212,0.107,0.931,115.845,audio_features,79fB8SJnwlaGCbP4hFFWG0,spotify:track:79fB8SJnwlaGCbP4hFFWG0,https://api.spotify.com/v1/tracks/79fB8SJnwlaGCbP4hFFWG0,https://api.spotify.com/v1/audio-analysis/79fB8SJnwlaGCbP4hFFWG0,239133,4,Hold Me Back,Stiff Upper Lip,Stiff Upper Lip,2000-02-25,5JPVHEB67TREre4Q8JOfCQ
0.494,0.881,9,-4.773,1,0.037,0.0111,0.00953,0.104,0.623,160.942,audio_features,6xs17NF4X10Y7UGwto7S7Z,spotify:track:6xs17NF4X10Y7UGwto7S7Z,https://api.spotify.com/v1/tracks/6xs17NF4X10Y7UGwto7S7Z,https://api.spotify.com/v1/audio-analysis/6xs17NF4X10Y7UGwto7S7Z,239467,4,Safe in New York City,Stiff Upper Lip,Stiff Upper Lip,2000-02-25,5JPVHEB67TREre4Q8JOfCQ
0.602,0.835,11,-4.407,1,0.0258,0.0165,0.00246,0.66,0.727,110.116,audio_features,4GLQAKOPFXOI07JzfrniZs,spotify:track:4GLQAKOPFXOI07JzfrniZs,https://api.spotify.com/v1/tracks/4GLQAKOPFXOI07JzfrniZs,https://api.spotify.com/v1/audio-analysis/4GLQAKOPFXOI07JzfrniZs,221400,4,Can't Stand Still,Stiff Upper Lip,Stiff Upper Lip,2000-02-25,5JPVHEB67TREre4Q8JOfCQ
0.447,0.638,2,-4.724,1,0.0274,0.0741,0.0169,0.0984,0.539,84.98,audio_features,2TCEl9FdIPmIXyM2Jd6Lws,spotify:track:2TCEl9FdIPmIXyM2Jd6Lws,https://api.spotify.com/v1/tracks/2TCEl9FdIPmIXyM2Jd6Lws,https://api.spotify.com/v1/audio-analysis/2TCEl9FdIPmIXyM2Jd6Lws,242000,4,Can't Stop Rock 'n' Roll,Stiff Upper Lip,Stiff Upper Lip,2000-02-25,5JPVHEB67TREre4Q8JOfCQ
0.541,0.696,2,-3.988,1,0.0638,0.0329,0.00315,0.0593,0.786,118.901,audio_features,7lrBHMaXy0klQR4KFZuwAs,spotify:track:7lrBHMaXy0klQR4KFZuwAs,https://api.spotify.com/v1/tracks/7lrBHMaXy0klQR4KFZuwAs,https://api.spotify.com/v1/audio-analysis/7lrBHMaXy0klQR4KFZuwAs,226333,4,Satellite Blues,Stiff Upper Lip,Stiff Upper Lip,2000-02-25,5JPVHEB67TREre4Q8JOfCQ
0.516,0.443,4,-4.98,0,0.0382,0.137,0.00214,0.0549,0.541,88.798,audio_features,6MJ5Q5tcNIWDrdBt3woKdj,spotify:track:6MJ5Q5tcNIWDrdBt3woKdj,https://api.spotify.com/v1/tracks/6MJ5Q5tcNIWDrdBt3woKdj,https://api.spotify.com/v1/audio-analysis/6MJ5Q5tcNIWDrdBt3woKdj,232133,4,Damned,Stiff Upper Lip,Stiff Upper Lip,2000-02-25,5JPVHEB67TREre4Q8JOfCQ
0.51,0.586,9,-5.226,1,0.0294,0.0304,0.016,0.144,0.614,89.778,audio_features,1B7YWCnmn6bWii1Pyy8cfK,spotify:track:1B7YWCnmn6bWii1Pyy8cfK,https://api.spotify.com/v1/tracks/1B7YWCnmn6bWii1Pyy8cfK,https://api.spotify.com/v1/audio-analysis/1B7YWCnmn6bWii1Pyy8cfK,242600,4,Come and Get It,Stiff Upper Lip,Stiff Upper Lip,2000-02-25,5JPVHEB67TREre4Q8JOfCQ
0.569,0.591,9,-3.962,1,0.037,0.0222,0.00123,0.0771,0.577,102.685,audio_features,2filqLyVGxteotSCD8b4Jt,spotify:track:2filqLyVGxteotSCD8b4Jt,https://api.spotify.com/v1/tracks/2filqLyVGxteotSCD8b4Jt,https://api.spotify.com/v1/audio-analysis/2filqLyVGxteotSCD8b4Jt,276400,4,All Screwed Up,Stiff Upper Lip,Stiff Upper Lip,2000-02-25,5JPVHEB67TREre4Q8JOfCQ
0.547,0.722,7,-3.859,1,0.0317,0.0069,0.000113,0.064,0.92,129.616,audio_features,3rwdLlTki1Y5YLU9DOU4ks,spotify:track:3rwdLlTki1Y5YLU9DOU4ks,https://api.spotify.com/v1/tracks/3rwdLlTki1Y5YLU9DOU4ks,https://api.spotify.com/v1/audio-analysis/3rwdLlTki1Y5YLU9DOU4ks,235693,4,Give It Up,Stiff Upper Lip,Stiff Upper Lip,2000-02-25,5JPVHEB67TREre4Q8JOfCQ
0.481,0.724,4,-5.642,1,0.0324,0.0018,0.177,0.11,0.2,116.322,audio_features,1gij27s31tFKcTHa8f1u4g,spotify:track:1gij27s31tFKcTHa8f1u4g,https://api.spotify.com/v1/tracks/1gij27s31tFKcTHa8f1u4g,https://api.spotify.com/v1/audio-analysis/1gij27s31tFKcTHa8f1u4g,271000,4,Hard as a Rock,Ballbreaker,Ballbreaker,1995-09-22,1zXYNAA57WJ33GgZJHchhX
0.387,0.74,7,-5.822,1,0.0476,0.00862,0.000113,0.345,0.816,197.839,audio_features,56OSb0BpuPI9tp4tDvhC8i,spotify:track:56OSb0BpuPI9tp4tDvhC8i,https://api.spotify.com/v1/tracks/56OSb0BpuPI9tp4tDvhC8i,https://api.spotify.com/v1/audio-analysis/56OSb0BpuPI9tp4tDvhC8i,272640,4,Cover You in Oil,Ballbreaker,Ballbreaker,1995-09-22,1zXYNAA57WJ33GgZJHchhX
0.491,0.714,7,-5.515,1,0.0266,0.000138,0.529,0.2,0.26,97.861,audio_features,6ijCRYmsTbeOWp4qEgl9e0,spotify:track:6ijCRYmsTbeOWp4qEgl9e0,https://api.spotify.com/v1/tracks/6ijCRYmsTbeOWp4qEgl9e0,https://api.spotify.com/v1/audio-analysis/6ijCRYmsTbeOWp4qEgl9e0,250693,4,The Furor,Ballbreaker,Ballbreaker,1995-09-22,1zXYNAA57WJ33GgZJHchhX
0.485,0.603,9,-6.608,1,0.0594,0.0068,0.0349,0.227,0.468,111.756,audio_features,2eeDDhFzhTi78mVOQMEnDw,spotify:track:2eeDDhFzhTi78mVOQMEnDw,https://api.spotify.com/v1/tracks/2eeDDhFzhTi78mVOQMEnDw,https://api.spotify.com/v1/audio-analysis/2eeDDhFzhTi78mVOQMEnDw,246973,3,Boogie Man,Ballbreaker,Ballbreaker,1995-09-22,1zXYNAA57WJ33GgZJHchhX
0.301,0.675,9,-6.781,1,0.034,0.00185,0.0165,0.113,0.526,180.773,audio_features,6EV7R20p1qHi1HwldZorHi,spotify:track:6EV7R20p1qHi1HwldZorHi,https://api.spotify.com/v1/tracks/6EV7R20p1qHi1HwldZorHi,https://api.spotify.com/v1/audio-analysis/6EV7R20p1qHi1HwldZorHi,335027,4,The Honey Roll,Ballbreaker,Ballbreaker,1995-09-22,1zXYNAA57WJ33GgZJHchhX
0.632,0.688,1,-6.149,0,0.0311,0.00404,0.0867,0.0894,0.615,113.187,audio_features,4iAZhaVvrX1d1By5f0QWSB,spotify:track:4iAZhaVvrX1d1By5f0QWSB,https://api.spotify.com/v1/tracks/4iAZhaVvrX1d1By5f0QWSB,https://api.spotify.com/v1/audio-analysis/4iAZhaVvrX1d1By5f0QWSB,305507,4,Burnin' Alive,Ballbreaker,Ballbreaker,1995-09-22,1zXYNAA57WJ33GgZJHchhX
0.475,0.639,9,-7.921,1,0.0421,0.0026,0.0163,0.15,0.656,125.167,audio_features,5Pa0DPtpyGUlpRJgxq9BMk,spotify:track:5Pa0DPtpyGUlpRJgxq9BMk,https://api.spotify.com/v1/tracks/5Pa0DPtpyGUlpRJgxq9BMk,https://api.spotify.com/v1/audio-analysis/5Pa0DPtpyGUlpRJgxq9BMk,314427,4,Hail Caesar,Ballbreaker,Ballbreaker,1995-09-22,1zXYNAA57WJ33GgZJHchhX
0.559,0.709,9,-5.872,1,0.0359,0.0103,0.498,0.122,0.764,118.419,audio_features,0uCshTeOj3C39Qj4bS539q,spotify:track:0uCshTeOj3C39Qj4bS539q,https://api.spotify.com/v1/tracks/0uCshTeOj3C39Qj4bS539q,https://api.spotify.com/v1/audio-analysis/0uCshTeOj3C39Qj4bS539q,194133,4,Love Bomb,Ballbreaker,Ballbreaker,1995-09-22,1zXYNAA57WJ33GgZJHchhX
0.504,0.731,4,-7.345,1,0.0417,0.00782,0.00287,0.321,0.782,143.354,audio_features,0vT0i6fUPaE0UB4BO74bFI,spotify:track:0vT0i6fUPaE0UB4BO74bFI,https://api.spotify.com/v1/tracks/0vT0i6fUPaE0UB4BO74bFI,https://api.spotify.com/v1/audio-analysis/0vT0i6fUPaE0UB4BO74bFI,254533,4,Caught with Your Pants Down,Ballbreaker,Ballbreaker,1995-09-22,1zXYNAA57WJ33GgZJHchhX
0.432,0.613,9,-5.679,1,0.0315,0.00151,0.00293,0.0725,0.713,94.119,audio_features,4KytLdPRCctWfEvXRhbHB4,spotify:track:4KytLdPRCctWfEvXRhbHB4,https://api.spotify.com/v1/tracks/4KytLdPRCctWfEvXRhbHB4,https://api.spotify.com/v1/audio-analysis/4KytLdPRCctWfEvXRhbHB4,275133,4,Whiskey on the Rocks,Ballbreaker,Ballbreaker,1995-09-22,1zXYNAA57WJ33GgZJHchhX
0.473,0.862,2,-5.781,1,0.063,0.000728,0.00825,0.121,0.41,127.233,audio_features,1TJX5KxBVqwqPPUPH16MFL,spotify:track:1TJX5KxBVqwqPPUPH16MFL,https://api.spotify.com/v1/tracks/1TJX5KxBVqwqPPUPH16MFL,https://api.spotify.com/v1/audio-analysis/1TJX5KxBVqwqPPUPH16MFL,270760,4,Ballbreaker,Ballbreaker,Ballbreaker,1995-09-22,1zXYNAA57WJ33GgZJHchhX
0.255,0.973,4,-5.579,1,0.257,0.000774,0.0388,0.728,0.0671,135.116,audio_features,4f5V6rbtGt67AWtNGRS9vx,spotify:track:4f5V6rbtGt67AWtNGRS9vx,https://api.spotify.com/v1/tracks/4f5V6rbtGt67AWtNGRS9vx,https://api.spotify.com/v1/audio-analysis/4f5V6rbtGt67AWtNGRS9vx,395227,4,Thunderstruck - Live - 1991,Live,Live,1992-10-27,1dmBXO2zmCbsf8qAicqbs0
0.296,0.975,2,-4.855,1,0.0662,1.59e-05,0.867,0.862,0.561,147.293,audio_features,78OmqSJbNCPvzoewaDRJvy,spotify:track:78OmqSJbNCPvzoewaDRJvy,https://api.spotify.com/v1/tracks/78OmqSJbNCPvzoewaDRJvy,https://api.spotify.com/v1/audio-analysis/78OmqSJbNCPvzoewaDRJvy,320467,4,Shoot to Thrill - Live - 1991,Live,Live,1992-10-27,1dmBXO2zmCbsf8qAicqbs0
0.471,0.984,9,-4.211,1,0.0795,0.000585,0.000739,0.95,0.426,96.542,audio_features,5dvfYJR8yXaO9SHtqJWeL5,spotify:track:5dvfYJR8yXaO9SHtqJWeL5,https://api.spotify.com/v1/tracks/5dvfYJR8yXaO9SHtqJWeL5,https://api.spotify.com/v1/audio-analysis/5dvfYJR8yXaO9SHtqJWeL5,266533,4,Back In Black - Live - 1991,Live,Live,1992-10-27,1dmBXO2zmCbsf8qAicqbs0
0.451,0.97,0,-5.346,1,0.151,0.000862,0.402,0.977,0.222,129.97,audio_features,56uIblkbP8nt42e4h7NYcC,spotify:track:56uIblkbP8nt42e4h7NYcC,https://api.spotify.com/v1/tracks/56uIblkbP8nt42e4h7NYcC,https://api.spotify.com/v1/audio-analysis/56uIblkbP8nt42e4h7NYcC,315000,4,Who Made Who - Live - 1991,Live,Live,1992-10-27,1dmBXO2zmCbsf8qAicqbs0
0.407,0.987,2,-5.306,1,0.0745,0.000926,0.259,0.954,0.349,95.097,audio_features,1dJOOi2Byt4uWFDJWqR6AR,spotify:track:1dJOOi2Byt4uWFDJWqR6AR,https://api.spotify.com/v1/tracks/1dJOOi2Byt4uWFDJWqR6AR,https://api.spotify.com/v1/audio-analysis/1dJOOi2Byt4uWFDJWqR6AR,215933,4,Heatseeker - Live - 1991,Live,Live,1992-10-27,1dmBXO2zmCbsf8qAicqbs0
0.286,0.808,9,-6.182,1,0.0682,0.000359,0.0324,0.944,0.394,74.443,audio_features,5fMM9S5N2MloZXHCT08WC6,spotify:track:5fMM9S5N2MloZXHCT08WC6,https://api.spotify.com/v1/tracks/5fMM9S5N2MloZXHCT08WC6,https://api.spotify.com/v1/audio-analysis/5fMM9S5N2MloZXHCT08WC6,416627,4,The Jack - Live - 1991,Live,Live,1992-10-27,1dmBXO2zmCbsf8qAicqbs0
0.476,0.954,7,-4.337,1,0.0585,0.000422,0.883,0.958,0.485,122.274,audio_features,6prcnLMTKrcHzvp4XwUnUj,spotify:track:6prcnLMTKrcHzvp4XwUnUj,https://api.spotify.com/v1/tracks/6prcnLMTKrcHzvp4XwUnUj,https://api.spotify.com/v1/audio-analysis/6prcnLMTKrcHzvp4XwUnUj,258267,4,Moneytalks - Live - 1991,Live,Live,1992-10-27,1dmBXO2zmCbsf8qAicqbs0
0.317,0.931,2,-5.794,1,0.0576,6.26e-05,0.653,0.878,0.248,113.007,audio_features,3aSUhKMYQkfEOjkdBwWcoC,spotify:track:3aSUhKMYQkfEOjkdBwWcoC,https://api.spotify.com/v1/tracks/3aSUhKMYQkfEOjkdBwWcoC,https://api.spotify.com/v1/audio-analysis/3aSUhKMYQkfEOjkdBwWcoC,360360,4,Hells Bells - Live - 1991,Live,Live,1992-10-27,1dmBXO2zmCbsf8qAicqbs0
0.465,0.977,9,-4.382,1,0.138,0.00144,0.106,0.954,0.434,140.433,audio_features,4SUhlKM0n3ejiHQwqTjb9F,spotify:track:4SUhlKM0n3ejiHQwqTjb9F,https://api.spotify.com/v1/tracks/4SUhlKM0n3ejiHQwqTjb9F,https://api.spotify.com/v1/audio-analysis/4SUhlKM0n3ejiHQwqTjb9F,302093,4,Dirty Deeds Done Dirt Cheap - Live - 1991,Live,Live,1992-10-27,1dmBXO2zmCbsf8qAicqbs0
0.35,0.984,7,-5.412,1,0.139,4.01e-05,0.311,0.971,0.263,98.673,audio_features,4eoGQROWDgOs43F0WEYR8a,spotify:track:4eoGQROWDgOs43F0WEYR8a,https://api.spotify.com/v1/tracks/4eoGQROWDgOs43F0WEYR8a,https://api.spotify.com/v1/audio-analysis/4eoGQROWDgOs43F0WEYR8a,269973,4,Whole Lotta Rosie - Live - 1991,Live,Live,1992-10-27,1dmBXO2zmCbsf8qAicqbs0
0.462,0.981,7,-4.334,1,0.0982,0.00139,0.0128,0.929,0.671,138.041,audio_features,4QR6LcLBL8bLDd6lbNwmbC,spotify:track:4QR6LcLBL8bLDd6lbNwmbC,https://api.spotify.com/v1/tracks/4QR6LcLBL8bLDd6lbNwmbC,https://api.spotify.com/v1/audio-analysis/4QR6LcLBL8bLDd6lbNwmbC,232600,4,You Shook Me All Night Long - Live - 1991,Live,Live,1992-10-27,1dmBXO2zmCbsf8qAicqbs0
0.491,0.982,2,-5.093,1,0.113,0.00552,0.0575,0.968,0.309,120.323,audio_features,5Mu7WviNvT9yJeF79V1HS5,spotify:track:5Mu7WviNvT9yJeF79V1HS5,https://api.spotify.com/v1/tracks/5Mu7WviNvT9yJeF79V1HS5,https://api.spotify.com/v1/audio-analysis/5Mu7WviNvT9yJeF79V1HS5,237200,4,Highway to Hell - Live - 1991,Live,Live,1992-10-27,1dmBXO2zmCbsf8qAicqbs0
0.455,0.979,2,-4.727,1,0.132,0.00222,0.00236,0.419,0.49,128.301,audio_features,6MWkewqqntx7y6AyOqEoXM,spotify:track:6MWkewqqntx7y6AyOqEoXM,https://api.spotify.com/v1/tracks/6MWkewqqntx7y6AyOqEoXM,https://api.spotify.com/v1/audio-analysis/6MWkewqqntx7y6AyOqEoXM,227707,4,T.N.T. - Live - 1991,Live,Live,1992-10-27,1dmBXO2zmCbsf8qAicqbs0
0.333,0.978,9,-4.425,1,0.121,7.64e-05,0.476,0.879,0.323,131.745,audio_features,5v2EJjf4VcVvXQT5P84twb,spotify:track:5v2EJjf4VcVvXQT5P84twb,https://api.spotify.com/v1/tracks/5v2EJjf4VcVvXQT5P84twb,https://api.spotify.com/v1/audio-analysis/5v2EJjf4VcVvXQT5P84twb,437640,4,For Those About to Rock (We Salute You) - Live - 1991,Live,Live,1992-10-27,1dmBXO2zmCbsf8qAicqbs0
0.502,0.89,4,-5.175,1,0.0364,0.000147,0.0117,0.217,0.259,133.52,audio_features,57bgtoPSgt236HzfBOd8kj,spotify:track:57bgtoPSgt236HzfBOd8kj,https://api.spotify.com/v1/tracks/57bgtoPSgt236HzfBOd8kj,https://api.spotify.com/v1/audio-analysis/57bgtoPSgt236HzfBOd8kj,292880,4,Thunderstruck,The Razors Edge,The Razors Edge,1990-09-24,4vu7F6h90Br1ZtYYaqfITy
0.551,0.96,9,-3.284,1,0.0508,0.00135,6.54e-06,0.0941,0.515,98.879,audio_features,0cLvKgKkqlaJ9UajbitH4l,spotify:track:0cLvKgKkqlaJ9UajbitH4l,https://api.spotify.com/v1/tracks/0cLvKgKkqlaJ9UajbitH4l,https://api.spotify.com/v1/audio-analysis/0cLvKgKkqlaJ9UajbitH4l,173747,4,Fire Your Guns,The Razors Edge,The Razors Edge,1990-09-24,4vu7F6h90Br1ZtYYaqfITy
0.649,0.903,7,-3.677,1,0.0318,0.000841,0.000351,0.122,0.412,121.841,audio_features,5u5F7qLDvZjBSktaDp4HxB,spotify:track:5u5F7qLDvZjBSktaDp4HxB,https://api.spotify.com/v1/tracks/5u5F7qLDvZjBSktaDp4HxB,https://api.spotify.com/v1/audio-analysis/5u5F7qLDvZjBSktaDp4HxB,225947,4,Moneytalks,The Razors Edge,The Razors Edge,1990-09-24,4vu7F6h90Br1ZtYYaqfITy
0.408,0.947,4,-3.522,1,0.0532,0.00108,0.195,0.168,0.306,101.053,audio_features,4ObCns6nM6tShx5a5tHiGC,spotify:track:4ObCns6nM6tShx5a5tHiGC,https://api.spotify.com/v1/tracks/4ObCns6nM6tShx5a5tHiGC,https://api.spotify.com/v1/audio-analysis/4ObCns6nM6tShx5a5tHiGC,262533,4,The Razors Edge,The Razors Edge,The Razors Edge,1990-09-24,4vu7F6h90Br1ZtYYaqfITy
0.432,0.872,9,-4.125,1,0.036,0.00447,0.00038,0.0673,0.247,111.959,audio_features,6xwxKqCIdrs0RDWkmFxzZs,spotify:track:6xwxKqCIdrs0RDWkmFxzZs,https://api.spotify.com/v1/tracks/6xwxKqCIdrs0RDWkmFxzZs,https://api.spotify.com/v1/audio-analysis/6xwxKqCIdrs0RDWkmFxzZs,239520,4,Mistress for Christmas,The Razors Edge,The Razors Edge,1990-09-24,4vu7F6h90Br1ZtYYaqfITy
0.437,0.901,2,-4.473,1,0.0778,0.00026,0.000258,0.0836,0.693,163.323,audio_features,1SbRJXUX4yNmAr7CZumctk,spotify:track:1SbRJXUX4yNmAr7CZumctk,https://api.spotify.com/v1/tracks/1SbRJXUX4yNmAr7CZumctk,https://api.spotify.com/v1/audio-analysis/1SbRJXUX4yNmAr7CZumctk,246680,4,Rock Your Heart Out,The Razors Edge,The Razors Edge,1990-09-24,4vu7F6h90Br1ZtYYaqfITy
0.452,0.821,7,-4.816,1,0.0324,0.0165,3.53e-06,0.13,0.414,108.529,audio_features,7A1odihHBrI8n9k0Fefh2j,spotify:track:7A1odihHBrI8n9k0Fefh2j,https://api.spotify.com/v1/tracks/7A1odihHBrI8n9k0Fefh2j,https://api.spotify.com/v1/audio-analysis/7A1odihHBrI8n9k0Fefh2j,250333,4,Are You Ready,The Razors Edge,The Razors Edge,1990-09-24,4vu7F6h90Br1ZtYYaqfITy
0.622,0.757,9,-3.449,1,0.0246,0.00212,1.91e-06,0.092,0.825,96.966,audio_features,1i0hnGnt14GL713mmOgJHh,spotify:track:1i0hnGnt14GL713mmOgJHh,https://api.spotify.com/v1/tracks/1i0hnGnt14GL713mmOgJHh,https://api.spotify.com/v1/audio-analysis/1i0hnGnt14GL713mmOgJHh,270240,4,Got You by the Balls,The Razors Edge,The Razors Edge,1990-09-24,4vu7F6h90Br1ZtYYaqfITy
0.581,0.912,4,-3.802,1,0.0317,0.000181,0.00149,0.0898,0.636,135.47,audio_features,0NIotBOwHkVRocCRzi41da,spotify:track:0NIotBOwHkVRocCRzi41da,https://api.spotify.com/v1/tracks/0NIotBOwHkVRocCRzi41da,https://api.spotify.com/v1/audio-analysis/0NIotBOwHkVRocCRzi41da,236520,4,Shot of Love,The Razors Edge,The Razors Edge,1990-09-24,4vu7F6h90Br1ZtYYaqfITy
0.637,0.76,2,-3.482,1,0.0304,0.0181,0.000216,0.0359,0.73,99.13,audio_features,0FWmC11IDbq8T2ZTOnnBiL,spotify:track:0FWmC11IDbq8T2ZTOnnBiL,https://api.spotify.com/v1/tracks/0FWmC11IDbq8T2ZTOnnBiL,https://api.spotify.com/v1/audio-analysis/0FWmC11IDbq8T2ZTOnnBiL,212320,4,Let's Make It,The Razors Edge,The Razors Edge,1990-09-24,4vu7F6h90Br1ZtYYaqfITy
0.417,0.741,2,-4.483,1,0.0699,0.0392,1.44e-06,0.102,0.572,202.798,audio_features,3Y23ZSLRdk0d8YWAu4SnFb,spotify:track:3Y23ZSLRdk0d8YWAu4SnFb,https://api.spotify.com/v1/tracks/3Y23ZSLRdk0d8YWAu4SnFb,https://api.spotify.com/v1/audio-analysis/3Y23ZSLRdk0d8YWAu4SnFb,193560,4,Goodbye and Good Riddance to Bad Luck,The Razors Edge,The Razors Edge,1990-09-24,4vu7F6h90Br1ZtYYaqfITy
0.45,0.848,7,-3.374,1,0.037,0.00586,0.000358,0.0764,0.621,91.841,audio_features,60YOadmxT3GeNlAHbrhR8U,spotify:track:60YOadmxT3GeNlAHbrhR8U,https://api.spotify.com/v1/tracks/60YOadmxT3GeNlAHbrhR8U,https://api.spotify.com/v1/audio-analysis/60YOadmxT3GeNlAHbrhR8U,198360,4,If You Dare,The Razors Edge,The Razors Edge,1990-09-24,4vu7F6h90Br1ZtYYaqfITy
0.372,0.873,8,-5.049,1,0.0426,0.00225,0.137,0.0638,0.481,159.991,audio_features,0h3A3hdDq762DzIOKUoF21,spotify:track:0h3A3hdDq762DzIOKUoF21,https://api.spotify.com/v1/tracks/0h3A3hdDq762DzIOKUoF21,https://api.spotify.com/v1/audio-analysis/0h3A3hdDq762DzIOKUoF21,230400,4,Heatseeker,Blow Up Your Video,Blow Up Your Video,1988-02-01,5jfgUmvXCar7Qf5lidVkqI
0.395,0.951,2,-5.469,1,0.107,0.0484,0.00334,0.315,0.514,157.614,audio_features,0u8J52fqQhQXKvAC23ICvO,spotify:track:0u8J52fqQhQXKvAC23ICvO,https://api.spotify.com/v1/tracks/0u8J52fqQhQXKvAC23ICvO,https://api.spotify.com/v1/audio-analysis/0u8J52fqQhQXKvAC23ICvO,225027,4,That's the Way I Wanna Rock 'N' Roll,Blow Up Your Video,Blow Up Your Video,1988-02-01,5jfgUmvXCar7Qf5lidVkqI
0.603,0.819,5,-4.037,0,0.0401,0.213,0.00281,0.371,0.572,97.957,audio_features,3C2qc99Ay92Iv43DknVttB,spotify:track:3C2qc99Ay92Iv43DknVttB,https://api.spotify.com/v1/tracks/3C2qc99Ay92Iv43DknVttB,https://api.spotify.com/v1/audio-analysis/3C2qc99Ay92Iv43DknVttB,248427,4,Meanstreak,Blow Up Your Video,Blow Up Your Video,1988-02-01,5jfgUmvXCar7Qf5lidVkqI
0.499,0.763,2,-5.41,1,0.0359,0.00331,0.0111,0.226,0.38,100.493,audio_features,1a6B2hBwnJoqETESO6NDj3,spotify:track:1a6B2hBwnJoqETESO6NDj3,https://api.spotify.com/v1/tracks/1a6B2hBwnJoqETESO6NDj3,https://api.spotify.com/v1/audio-analysis/1a6B2hBwnJoqETESO6NDj3,266440,4,Go Zone,Blow Up Your Video,Blow Up Your Video,1988-02-01,5jfgUmvXCar7Qf5lidVkqI
0.469,0.843,11,-5.982,0,0.0409,0.00136,0.0334,0.0696,0.298,122.324,audio_features,6MZc25P5QQDCYwUpYZ4gBA,spotify:track:6MZc25P5QQDCYwUpYZ4gBA,https://api.spotify.com/v1/tracks/6MZc25P5QQDCYwUpYZ4gBA,https://api.spotify.com/v1/audio-analysis/6MZc25P5QQDCYwUpYZ4gBA,238427,4,Kissin' Dynamite,Blow Up Your Video,Blow Up Your Video,1988-02-01,5jfgUmvXCar7Qf5lidVkqI
0.264,0.959,2,-4.521,1,0.174,0.0344,0.0106,0.146,0.233,171.98,audio_features,3wYDl8yi2F90kJdSUkyhJG,spotify:track:3wYDl8yi2F90kJdSUkyhJG,https://api.spotify.com/v1/tracks/3wYDl8yi2F90kJdSUkyhJG,https://api.spotify.com/v1/audio-analysis/3wYDl8yi2F90kJdSUkyhJG,256400,4,Nick of Time,Blow Up Your Video,Blow Up Your Video,1988-02-01,5jfgUmvXCar7Qf5lidVkqI
0.464,0.927,9,-5.138,1,0.0483,0.0191,0.237,0.263,0.544,106.715,audio_features,05spmNSk1TB5CFAEbAvLuu,spotify:track:05spmNSk1TB5CFAEbAvLuu,https://api.spotify.com/v1/tracks/05spmNSk1TB5CFAEbAvLuu,https://api.spotify.com/v1/audio-analysis/05spmNSk1TB5CFAEbAvLuu,251387,4,Some Sin for Nuthin',Blow Up Your Video,Blow Up Your Video,1988-02-01,5jfgUmvXCar7Qf5lidVkqI
0.466,0.929,1,-4.889,1,0.0674,0.0298,0.00944,0.362,0.543,126.659,audio_features,6D1r9yXvmn0zcw5vZuPSw5,spotify:track:6D1r9yXvmn0zcw5vZuPSw5,https://api.spotify.com/v1/tracks/6D1r9yXvmn0zcw5vZuPSw5,https://api.spotify.com/v1/audio-analysis/6D1r9yXvmn0zcw5vZuPSw5,268720,4,Ruff Stuff,Blow Up Your Video,Blow Up Your Video,1988-02-01,5jfgUmvXCar7Qf5lidVkqI
0.455,0.938,0,-5.104,0,0.0609,0.00201,0.028,0.0496,0.383,122.586,audio_features,4UBIdb16eo8bIykBM6JHE2,spotify:track:4UBIdb16eo8bIykBM6JHE2,https://api.spotify.com/v1/tracks/4UBIdb16eo8bIykBM6JHE2,https://api.spotify.com/v1/audio-analysis/4UBIdb16eo8bIykBM6JHE2,319973,4,Two's Up,Blow Up Your Video,Blow Up Your Video,1988-02-01,5jfgUmvXCar7Qf5lidVkqI
0.432,0.988,9,-4.442,1,0.1,0.0142,0.00786,0.0841,0.199,111.276,audio_features,3TzodHWz58jKxePzBDqHf0,spotify:track:3TzodHWz58jKxePzBDqHf0,https://api.spotify.com/v1/tracks/3TzodHWz58jKxePzBDqHf0,https://api.spotify.com/v1/audio-analysis/3TzodHWz58jKxePzBDqHf0,272280,4,This Means War,Blow Up Your Video,Blow Up Your Video,1988-02-01,5jfgUmvXCar7Qf5lidVkqI
0.514,0.825,0,-5.135,1,0.0487,0.000286,0.293,0.607,0.655,125.274,audio_features,6rvldt6EoZwzogApECUCwd,spotify:track:6rvldt6EoZwzogApECUCwd,https://api.spotify.com/v1/tracks/6rvldt6EoZwzogApECUCwd,https://api.spotify.com/v1/audio-analysis/6rvldt6EoZwzogApECUCwd,207147,4,Who Made Who,Who Made Who,Who Made Who,1986-05-24,07EFoHHspqSwsmkbnWaB4A
0.529,0.768,7,-5.51,1,0.0566,0.00224,0.00075,0.297,0.769,127.316,audio_features,6yl8Es1tCYD9WdSkeVLFw4,spotify:track:6yl8Es1tCYD9WdSkeVLFw4,https://api.spotify.com/v1/tracks/6yl8Es1tCYD9WdSkeVLFw4,https://api.spotify.com/v1/audio-analysis/6yl8Es1tCYD9WdSkeVLFw4,210880,4,You Shook Me All Night Long,Who Made Who,Who Made Who,1986-05-24,07EFoHHspqSwsmkbnWaB4A
0.43,0.6,5,-8.259,1,0.067,0.0016,0.925,0.128,0.437,99.187,audio_features,1nUk7iNwJ26jIhNaEHt910,spotify:track:1nUk7iNwJ26jIhNaEHt910,https://api.spotify.com/v1/tracks/1nUk7iNwJ26jIhNaEHt910,https://api.spotify.com/v1/audio-analysis/1nUk7iNwJ26jIhNaEHt910,173653,4,D.T.,Who Made Who,Who Made Who,1986-05-24,07EFoHHspqSwsmkbnWaB4A
0.466,0.943,0,-4.551,1,0.0533,0.00126,0.607,0.424,0.544,123.796,audio_features,3yGEXeeMSZtXoEvfcLFF1m,spotify:track:3yGEXeeMSZtXoEvfcLFF1m,https://api.spotify.com/v1/tracks/3yGEXeeMSZtXoEvfcLFF1m,https://api.spotify.com/v1/audio-analysis/3yGEXeeMSZtXoEvfcLFF1m,253400,4,Sink the Pink,Who Made Who,Who Made Who,1986-05-24,07EFoHHspqSwsmkbnWaB4A
0.737,0.425,0,-8.215,1,0.0483,0.393,0.00238,0.091,0.309,106.346,audio_features,6vLemwLlTYDqQqbtXHRLRN,spotify:track:6vLemwLlTYDqQqbtXHRLRN,https://api.spotify.com/v1/tracks/6vLemwLlTYDqQqbtXHRLRN,https://api.spotify.com/v1/audio-analysis/6vLemwLlTYDqQqbtXHRLRN,349920,3,Ride On,Who Made Who,Who Made Who,1986-05-24,07EFoHHspqSwsmkbnWaB4A
0.392,0.887,4,-4.733,0,0.0463,0.00562,0.00821,0.141,0.282,107.677,audio_features,2P884dqfjksDMSzUZksfrS,spotify:track:2P884dqfjksDMSzUZksfrS,https://api.spotify.com/v1/tracks/2P884dqfjksDMSzUZksfrS,https://api.spotify.com/v1/audio-analysis/2P884dqfjksDMSzUZksfrS,312893,4,Hells Bells,Who Made Who,Who Made Who,1986-05-24,07EFoHHspqSwsmkbnWaB4A
0.543,0.926,0,-5.015,1,0.0544,0.0385,0.0272,0.0788,0.493,122.659,audio_features,0dY2imDqcunCyIWoBfrcxB,spotify:track:0dY2imDqcunCyIWoBfrcxB,https://api.spotify.com/v1/tracks/0dY2imDqcunCyIWoBfrcxB,https://api.spotify.com/v1/audio-analysis/0dY2imDqcunCyIWoBfrcxB,231773,4,Shake Your Foundations,Who Made Who,Who Made Who,1986-05-24,07EFoHHspqSwsmkbnWaB4A
0.364,0.985,9,-5.905,0,0.0795,3.53e-05,0.801,0.0414,0.273,144.513,audio_features,4LZyChIF8hKAAtGuPsvKCY,spotify:track:4LZyChIF8hKAAtGuPsvKCY,https://api.spotify.com/v1/tracks/4LZyChIF8hKAAtGuPsvKCY,https://api.spotify.com/v1/audio-analysis/4LZyChIF8hKAAtGuPsvKCY,181360,4,Chase the Ace,Who Made Who,Who Made Who,1986-05-24,07EFoHHspqSwsmkbnWaB4A
0.371,0.909,4,-5.704,1,0.101,0.000341,0.508,0.0894,0.48,132.885,audio_features,1Qf7H7d1TNP8VfPVDRLY0D,spotify:track:1Qf7H7d1TNP8VfPVDRLY0D,https://api.spotify.com/v1/tracks/1Qf7H7d1TNP8VfPVDRLY0D,https://api.spotify.com/v1/audio-analysis/1Qf7H7d1TNP8VfPVDRLY0D,353693,4,For Those About to Rock (We Salute You),Who Made Who,Who Made Who,1986-05-24,07EFoHHspqSwsmkbnWaB4A
0.322,0.92,2,-4.441,1,0.0574,0.00118,0.47,0.289,0.347,127.008,audio_features,4KLh3zTfRqxBPDVzOOy2yE,spotify:track:4KLh3zTfRqxBPDVzOOy2yE,https://api.spotify.com/v1/tracks/4KLh3zTfRqxBPDVzOOy2yE,https://api.spotify.com/v1/audio-analysis/4KLh3zTfRqxBPDVzOOy2yE,224253,4,Fly on the Wall,Fly On the Wall,Fly On the Wall,1985-06-28,0rOXa1wPbBrCNl6knMyDBW
0.491,0.932,7,-4.379,1,0.0631,0.00765,0.519,0.0562,0.459,122.226,audio_features,1L21YTLKh6eJaIjQWRgzo7,spotify:track:1L21YTLKh6eJaIjQWRgzo7,https://api.spotify.com/v1/tracks/1L21YTLKh6eJaIjQWRgzo7,https://api.spotify.com/v1/audio-analysis/1L21YTLKh6eJaIjQWRgzo7,250587,4,Shake Your Foundations,Fly On the Wall,Fly On the Wall,1985-06-28,0rOXa1wPbBrCNl6knMyDBW
0.461,0.948,7,-4.183,0,0.0675,0.0209,0.144,0.195,0.297,116.897,audio_features,3u73GFE4Vr2Agnf6afmW0V,spotify:track:3u73GFE4Vr2Agnf6afmW0V,https://api.spotify.com/v1/tracks/3u73GFE4Vr2Agnf6afmW0V,https://api.spotify.com/v1/audio-analysis/3u73GFE4Vr2Agnf6afmW0V,226040,4,First Blood,Fly On the Wall,Fly On the Wall,1985-06-28,0rOXa1wPbBrCNl6knMyDBW
0.583,0.84,2,-4.199,1,0.0385,0.207,0.369,0.088,0.565,79.351,audio_features,4s0zx7jUjCe2qOswnEmQur,spotify:track:4s0zx7jUjCe2qOswnEmQur,https://api.spotify.com/v1/tracks/4s0zx7jUjCe2qOswnEmQur,https://api.spotify.com/v1/audio-analysis/4s0zx7jUjCe2qOswnEmQur,262480,4,Danger,Fly On the Wall,Fly On the Wall,1985-06-28,0rOXa1wPbBrCNl6knMyDBW
0.474,0.932,0,-5.31,1,0.0487,0.00149,0.467,0.439,0.531,123.787,audio_features,4tEO5sXXoEOtxEPZJ15pgO,spotify:track:4tEO5sXXoEOtxEPZJ15pgO,https://api.spotify.com/v1/tracks/4tEO5sXXoEOtxEPZJ15pgO,https://api.spotify.com/v1/audio-analysis/4tEO5sXXoEOtxEPZJ15pgO,255147,4,Sink the Pink,Fly On the Wall,Fly On the Wall,1985-06-28,0rOXa1wPbBrCNl6knMyDBW
0.429,0.962,9,-4.051,1,0.0581,0.000535,0.0223,0.0983,0.312,99.545,audio_features,4BE5gpzdVEVA9uROkm7GI9,spotify:track:4BE5gpzdVEVA9uROkm7GI9,https://api.spotify.com/v1/tracks/4BE5gpzdVEVA9uROkm7GI9,https://api.spotify.com/v1/audio-analysis/4BE5gpzdVEVA9uROkm7GI9,224947,4,Playing with Girls,Fly On the Wall,Fly On the Wall,1985-06-28,0rOXa1wPbBrCNl6knMyDBW
0.443,0.879,9,-4.405,0,0.0416,0.0121,0.816,0.331,0.416,91.447,audio_features,1UBmFT0L9ilDySXuuMBfK5,spotify:track:1UBmFT0L9ilDySXuuMBfK5,https://api.spotify.com/v1/tracks/1UBmFT0L9ilDySXuuMBfK5,https://api.spotify.com/v1/audio-analysis/1UBmFT0L9ilDySXuuMBfK5,233320,4,Stand Up,Fly On the Wall,Fly On the Wall,1985-06-28,0rOXa1wPbBrCNl6knMyDBW
0.405,0.965,9,-5.096,1,0.0734,0.00208,0.225,0.164,0.474,116.395,audio_features,44WgrjG7hWuKqx6KL4AyCR,spotify:track:44WgrjG7hWuKqx6KL4AyCR,https://api.spotify.com/v1/tracks/44WgrjG7hWuKqx6KL4AyCR,https://api.spotify.com/v1/audio-analysis/44WgrjG7hWuKqx6KL4AyCR,272347,4,Hell or High Water,Fly On the Wall,Fly On the Wall,1985-06-28,0rOXa1wPbBrCNl6knMyDBW
0.536,0.972,5,-3.983,1,0.0416,0.0129,0.875,0.1,0.482,107.991,audio_features,6FCp2G9cQKTBl2nd34vciA,spotify:track:6FCp2G9cQKTBl2nd34vciA,https://api.spotify.com/v1/tracks/6FCp2G9cQKTBl2nd34vciA,https://api.spotify.com/v1/audio-analysis/6FCp2G9cQKTBl2nd34vciA,264373,4,Back in Business,Fly On the Wall,Fly On the Wall,1985-06-28,0rOXa1wPbBrCNl6knMyDBW
0.484,0.942,7,-5.452,0,0.0555,0.0109,0.889,0.357,0.594,105.997,audio_features,0limokbfqb60BMM7c7Z2HE,spotify:track:0limokbfqb60BMM7c7Z2HE,https://api.spotify.com/v1/tracks/0limokbfqb60BMM7c7Z2HE,https://api.spotify.com/v1/audio-analysis/0limokbfqb60BMM7c7Z2HE,216880,4,Send for the Man,Fly On the Wall,Fly On the Wall,1985-06-28,0rOXa1wPbBrCNl6knMyDBW
0.33,0.871,9,-4.255,1,0.0419,0.00506,0.00767,0.186,0.794,186.316,audio_features,1P0SDqCttZZnmSU7YtPxQY,spotify:track:1P0SDqCttZZnmSU7YtPxQY,https://api.spotify.com/v1/tracks/1P0SDqCttZZnmSU7YtPxQY,https://api.spotify.com/v1/audio-analysis/1P0SDqCttZZnmSU7YtPxQY,223787,4,Rising Power,Flick of the Switch,Flick of the Switch,1983-08-15,0ZD2tIjWo9fwzPndZ04wDY
0.368,0.95,0,-3.394,1,0.0491,0.00145,0.0261,0.469,0.322,114.153,audio_features,6SRadf7zJ0PdkSqQ4Sqkvm,spotify:track:6SRadf7zJ0PdkSqQ4Sqkvm,https://api.spotify.com/v1/tracks/6SRadf7zJ0PdkSqQ4Sqkvm,https://api.spotify.com/v1/audio-analysis/6SRadf7zJ0PdkSqQ4Sqkvm,203493,4,This House Is on Fire,Flick of the Switch,Flick of the Switch,1983-08-15,0ZD2tIjWo9fwzPndZ04wDY
0.442,0.906,2,-4.429,1,0.0391,3.32e-05,0.144,0.088,0.705,129.483,audio_features,0oIox8T3bdGZnhQKnaDK2a,spotify:track:0oIox8T3bdGZnhQKnaDK2a,https://api.spotify.com/v1/tracks/0oIox8T3bdGZnhQKnaDK2a,https://api.spotify.com/v1/audio-analysis/0oIox8T3bdGZnhQKnaDK2a,193600,4,Flick of the Switch,Flick of the Switch,Flick of the Switch,1983-08-15,0ZD2tIjWo9fwzPndZ04wDY
0.412,0.793,9,-4.592,1,0.0336,0.000228,0.251,0.0871,0.816,83.346,audio_features,05gjrT0jcQ0fRkHuYgJTdR,spotify:track:05gjrT0jcQ0fRkHuYgJTdR,https://api.spotify.com/v1/tracks/05gjrT0jcQ0fRkHuYgJTdR,https://api.spotify.com/v1/audio-analysis/05gjrT0jcQ0fRkHuYgJTdR,267080,4,Nervous Shakedown,Flick of the Switch,Flick of the Switch,1983-08-15,0ZD2tIjWo9fwzPndZ04wDY
0.486,0.967,2,-4.162,1,0.0609,3.48e-05,0.772,0.317,0.511,118.998,audio_features,0qKMZuEM8aejK1wz6Dmn8M,spotify:track:0qKMZuEM8aejK1wz6Dmn8M,https://api.spotify.com/v1/tracks/0qKMZuEM8aejK1wz6Dmn8M,https://api.spotify.com/v1/audio-analysis/0qKMZuEM8aejK1wz6Dmn8M,237760,4,Landslide,Flick of the Switch,Flick of the Switch,1983-08-15,0ZD2tIjWo9fwzPndZ04wDY
0.49,0.902,9,-3.759,1,0.0493,0.00331,0.354,0.0695,0.825,128.427,audio_features,31F5kR9fPxI7lBV0Stfl4V,spotify:track:31F5kR9fPxI7lBV0Stfl4V,https://api.spotify.com/v1/tracks/31F5kR9fPxI7lBV0Stfl4V,https://api.spotify.com/v1/audio-analysis/31F5kR9fPxI7lBV0Stfl4V,204720,4,Guns for Hire,Flick of the Switch,Flick of the Switch,1983-08-15,0ZD2tIjWo9fwzPndZ04wDY
0.297,0.784,9,-4.559,1,0.038,0.00104,0.0947,0.457,0.767,175.253,audio_features,5h8XlKa4TvIhOcJXsPvDX7,spotify:track:5h8XlKa4TvIhOcJXsPvDX7,https://api.spotify.com/v1/tracks/5h8XlKa4TvIhOcJXsPvDX7,https://api.spotify.com/v1/audio-analysis/5h8XlKa4TvIhOcJXsPvDX7,199507,4,Deep in the Hole,Flick of the Switch,Flick of the Switch,1983-08-15,0ZD2tIjWo9fwzPndZ04wDY
0.48,0.809,7,-4.213,1,0.0466,0.000786,0.142,0.127,0.679,127.728,audio_features,1FeFtmh1lljY1AISeZLrhf,spotify:track:1FeFtmh1lljY1AISeZLrhf,https://api.spotify.com/v1/tracks/1FeFtmh1lljY1AISeZLrhf,https://api.spotify.com/v1/audio-analysis/1FeFtmh1lljY1AISeZLrhf,232227,4,Bedlam in Belgium,Flick of the Switch,Flick of the Switch,1983-08-15,0ZD2tIjWo9fwzPndZ04wDY
0.502,0.891,7,-3.966,1,0.0312,8.1e-05,0.772,0.468,0.484,106.311,audio_features,4wL7XxJ7DNtIao5EaynvuP,spotify:track:4wL7XxJ7DNtIao5EaynvuP,https://api.spotify.com/v1/tracks/4wL7XxJ7DNtIao5EaynvuP,https://api.spotify.com/v1/audio-analysis/4wL7XxJ7DNtIao5EaynvuP,218560,4,Badlands,Flick of the Switch,Flick of the Switch,1983-08-15,0ZD2tIjWo9fwzPndZ04wDY
0.274,0.961,9,-3.988,1,0.0751,2.46e-05,0.111,0.0843,0.574,166.176,audio_features,79Tq4tCfNGFJChySkOS5Dy,spotify:track:79Tq4tCfNGFJChySkOS5Dy,https://api.spotify.com/v1/tracks/79Tq4tCfNGFJChySkOS5Dy,https://api.spotify.com/v1/audio-analysis/79Tq4tCfNGFJChySkOS5Dy,249200,4,Brain Shake,Flick of the Switch,Flick of the Switch,1983-08-15,0ZD2tIjWo9fwzPndZ04wDY
0.37,0.919,4,-5.721,1,0.102,0.000376,0.419,0.49,0.471,134.021,audio_features,17lu4tymfnhmcIDlzBbtAb,spotify:track:17lu4tymfnhmcIDlzBbtAb,https://api.spotify.com/v1/tracks/17lu4tymfnhmcIDlzBbtAb,https://api.spotify.com/v1/audio-analysis/17lu4tymfnhmcIDlzBbtAb,344240,4,For Those About to Rock (We Salute You),For Those About to Rock (We Salute You),For Those About to Rock,1981-11-23,7DUvURQ0wfA1kgG8j99frR
0.483,0.98,9,-4.033,1,0.0632,0.000167,0.664,0.169,0.759,133.816,audio_features,7KGbYZv593eAMISQjYqTDT,spotify:track:7KGbYZv593eAMISQjYqTDT,https://api.spotify.com/v1/tracks/7KGbYZv593eAMISQjYqTDT,https://api.spotify.com/v1/audio-analysis/7KGbYZv593eAMISQjYqTDT,205707,4,I Put the Finger on You,For Those About to Rock (We Salute You),For Those About to Rock,1981-11-23,7DUvURQ0wfA1kgG8j99frR
0.514,0.904,9,-4.173,1,0.0634,0.000702,0.0334,0.0815,0.682,108.927,audio_features,1EJIEPzahlUiev5IQ1HnuL,spotify:track:1EJIEPzahlUiev5IQ1HnuL,https://api.spotify.com/v1/tracks/1EJIEPzahlUiev5IQ1HnuL,https://api.spotify.com/v1/audio-analysis/1EJIEPzahlUiev5IQ1HnuL,234027,4,Let's Get It Up,For Those About to Rock (We Salute You),For Those About to Rock,1981-11-23,7DUvURQ0wfA1kgG8j99frR
0.272,0.907,4,-4.592,0,0.0707,0.00019,0.0393,0.186,0.564,177.225,audio_features,31KSQBbHS275MsHgHmTD21,spotify:track:31KSQBbHS275MsHgHmTD21,https://api.spotify.com/v1/tracks/31KSQBbHS275MsHgHmTD21,https://api.spotify.com/v1/audio-analysis/31KSQBbHS275MsHgHmTD21,210893,5,Inject the Venom,For Those About to Rock (We Salute You),For Those About to Rock,1981-11-23,7DUvURQ0wfA1kgG8j99frR
0.269,0.955,9,-4.838,1,0.0639,1.59e-05,0.858,0.127,0.669,152.238,audio_features,1is13OusVjtwAvLx5PcxcZ,spotify:track:1is13OusVjtwAvLx5PcxcZ,https://api.spotify.com/v1/tracks/1is13OusVjtwAvLx5PcxcZ,https://api.spotify.com/v1/audio-analysis/1is13OusVjtwAvLx5PcxcZ,203133,4,Snowballed,For Those About to Rock (We Salute You),For Those About to Rock,1981-11-23,7DUvURQ0wfA1kgG8j99frR
0.478,0.886,9,-4.642,1,0.0354,1.43e-05,0.6,0.0793,0.488,100.427,audio_features,5ahPl557niKxia8Kquw1yh,spotify:track:5ahPl557niKxia8Kquw1yh,https://api.spotify.com/v1/tracks/5ahPl557niKxia8Kquw1yh,https://api.spotify.com/v1/audio-analysis/5ahPl557niKxia8Kquw1yh,263667,4,Evil Walks,For Those About to Rock (We Salute You),For Those About to Rock,1981-11-23,7DUvURQ0wfA1kgG8j99frR
0.51,0.935,0,-4.699,1,0.0579,0.000827,0.528,0.133,0.669,118.458,audio_features,3zR16RvuoDiglmh4iTacvN,spotify:track:3zR16RvuoDiglmh4iTacvN,https://api.spotify.com/v1/tracks/3zR16RvuoDiglmh4iTacvN,https://api.spotify.com/v1/audio-analysis/3zR16RvuoDiglmh4iTacvN,199867,4,C.O.D.,For Those About to Rock (We Salute You),For Those About to Rock,1981-11-23,7DUvURQ0wfA1kgG8j99frR
0.589,0.875,2,-5.067,1,0.0398,0.000434,0.372,0.0652,0.479,126.932,audio_features,1W0rNaAXmNzvfgp47JzcVQ,spotify:track:1W0rNaAXmNzvfgp47JzcVQ,https://api.spotify.com/v1/tracks/1W0rNaAXmNzvfgp47JzcVQ,https://api.spotify.com/v1/audio-analysis/1W0rNaAXmNzvfgp47JzcVQ,263427,4,Breaking the Rules,For Those About to Rock (We Salute You),For Those About to Rock,1981-11-23,7DUvURQ0wfA1kgG8j99frR
0.383,0.953,2,-3.445,1,0.041,1.9e-05,0.564,0.154,0.39,98.846,audio_features,4NQJn1aSV9r6UmYErgzS4s,spotify:track:4NQJn1aSV9r6UmYErgzS4s,https://api.spotify.com/v1/tracks/4NQJn1aSV9r6UmYErgzS4s,https://api.spotify.com/v1/audio-analysis/4NQJn1aSV9r6UmYErgzS4s,205760,4,Night of the Long Knives,For Those About to Rock (We Salute You),For Those About to Rock,1981-11-23,7DUvURQ0wfA1kgG8j99frR
0.33,0.805,2,-6.115,1,0.0333,2.89e-05,0.844,0.102,0.359,95.338,audio_features,124CQLjNlenz6CTKVCV931,spotify:track:124CQLjNlenz6CTKVCV931,https://api.spotify.com/v1/tracks/124CQLjNlenz6CTKVCV931,https://api.spotify.com/v1/audio-analysis/124CQLjNlenz6CTKVCV931,279427,4,Spellbound,For Those About to Rock (We Salute You),For Those About to Rock,1981-11-23,7DUvURQ0wfA1kgG8j99frR
0.389,0.873,4,-4.768,0,0.0475,0.00532,0.0055,0.273,0.303,106.767,audio_features,69QHm3pustz01CJRwdo20z,spotify:track:69QHm3pustz01CJRwdo20z,https://api.spotify.com/v1/tracks/69QHm3pustz01CJRwdo20z,https://api.spotify.com/v1/audio-analysis/69QHm3pustz01CJRwdo20z,312293,4,Hells Bells,Back In Black,Back In Black,1980-07-25,6mUdeDZCsExyJLMdAfDuwh
0.457,0.904,2,-5.303,1,0.0747,0.000239,0.0879,0.396,0.48,141.038,audio_features,0C80GCp0mMuBzLf3EAXqxv,spotify:track:0C80GCp0mMuBzLf3EAXqxv,https://api.spotify.com/v1/tracks/0C80GCp0mMuBzLf3EAXqxv,https://api.spotify.com/v1/audio-analysis/0C80GCp0mMuBzLf3EAXqxv,317427,4,Shoot to Thrill,Back In Black,Back In Black,1980-07-25,6mUdeDZCsExyJLMdAfDuwh
0.532,0.858,9,-5.023,1,0.0599,0.00533,2.13e-06,0.751,0.495,125.698,audio_features,6Th6ND8RQPywiyelecP5Lf,spotify:track:6Th6ND8RQPywiyelecP5Lf,https://api.spotify.com/v1/tracks/6Th6ND8RQPywiyelecP5Lf,https://api.spotify.com/v1/audio-analysis/6Th6ND8RQPywiyelecP5Lf,215533,4,What Do You Do for Money Honey,Back In Black,Back In Black,1980-07-25,6mUdeDZCsExyJLMdAfDuwh
0.525,0.975,2,-4.372,1,0.0572,0.0704,2.22e-05,0.231,0.736,132.686,audio_features,6rAy2MsMUabbqu2VygrblP,spotify:track:6rAy2MsMUabbqu2VygrblP,https://api.spotify.com/v1/tracks/6rAy2MsMUabbqu2VygrblP,https://api.spotify.com/v1/audio-analysis/6rAy2MsMUabbqu2VygrblP,211760,4,Givin the Dog a Bone,Back In Black,Back In Black,1980-07-25,6mUdeDZCsExyJLMdAfDuwh
0.4,0.902,9,-4.385,1,0.0523,0.115,0.000116,0.139,0.632,105.659,audio_features,5XeMsYb1rWxQL1bUUaZajn,spotify:track:5XeMsYb1rWxQL1bUUaZajn,https://api.spotify.com/v1/tracks/5XeMsYb1rWxQL1bUUaZajn,https://api.spotify.com/v1/audio-analysis/5XeMsYb1rWxQL1bUUaZajn,255267,4,Let Me Put My Love Into You,Back In Black,Back In Black,1980-07-25,6mUdeDZCsExyJLMdAfDuwh
0.31,0.7,9,-5.678,1,0.047,0.011,0.00965,0.0828,0.763,188.386,audio_features,08mG3Y1vljYA6bvDt4Wqkj,spotify:track:08mG3Y1vljYA6bvDt4Wqkj,https://api.spotify.com/v1/tracks/08mG3Y1vljYA6bvDt4Wqkj,https://api.spotify.com/v1/audio-analysis/08mG3Y1vljYA6bvDt4Wqkj,255493,4,Back In Black,Back In Black,Back In Black,1980-07-25,6mUdeDZCsExyJLMdAfDuwh
0.532,0.767,7,-5.509,1,0.0574,0.00287,0.000513,0.39,0.755,127.361,audio_features,2SiXAy7TuUkycRVbbWDEpo,spotify:track:2SiXAy7TuUkycRVbbWDEpo,https://api.spotify.com/v1/tracks/2SiXAy7TuUkycRVbbWDEpo,https://api.spotify.com/v1/audio-analysis/2SiXAy7TuUkycRVbbWDEpo,210173,4,You Shook Me All Night Long,Back In Black,Back In Black,1980-07-25,6mUdeDZCsExyJLMdAfDuwh
0.421,0.889,2,-5.166,1,0.0545,0.00167,0.00838,0.654,0.424,122.424,audio_features,4dDurgTN3eGyU0ghzFJ0T1,spotify:track:4dDurgTN3eGyU0ghzFJ0T1,https://api.spotify.com/v1/tracks/4dDurgTN3eGyU0ghzFJ0T1,https://api.spotify.com/v1/audio-analysis/4dDurgTN3eGyU0ghzFJ0T1,238467,4,Have a Drink on Me,Back In Black,Back In Black,1980-07-25,6mUdeDZCsExyJLMdAfDuwh
0.417,0.942,4,-4.225,1,0.0852,0.0234,0.00857,0.317,0.618,152.346,audio_features,2MCUmp0I98gsJBmey7DfZS,spotify:track:2MCUmp0I98gsJBmey7DfZS,https://api.spotify.com/v1/tracks/2MCUmp0I98gsJBmey7DfZS,https://api.spotify.com/v1/audio-analysis/2MCUmp0I98gsJBmey7DfZS,245667,4,Shake a Leg,Back In Black,Back In Black,1980-07-25,6mUdeDZCsExyJLMdAfDuwh
0.576,0.659,9,-5.617,1,0.0383,0.041,0.0,0.0587,0.717,94.853,audio_features,6J17MkMmuzBiIOjRH6MOBZ,spotify:track:6J17MkMmuzBiIOjRH6MOBZ,https://api.spotify.com/v1/tracks/6J17MkMmuzBiIOjRH6MOBZ,https://api.spotify.com/v1/audio-analysis/6J17MkMmuzBiIOjRH6MOBZ,266040,4,Rock and Roll Ain't Noise Pollution,Back In Black,Back In Black,1980-07-25,6mUdeDZCsExyJLMdAfDuwh
0.574,0.913,6,-4.793,0,0.133,0.061,0.00158,0.156,0.423,115.728,audio_features,2zYzyRzz6pRmhPzyfMEC8s,spotify:track:2zYzyRzz6pRmhPzyfMEC8s,https://api.spotify.com/v1/tracks/2zYzyRzz6pRmhPzyfMEC8s,https://api.spotify.com/v1/audio-analysis/2zYzyRzz6pRmhPzyfMEC8s,208400,4,Highway to Hell,Highway to Hell,Highway to Hell,1979-07-27,10v912xgTZbjAtYfyKWJCS
0.512,0.979,4,-4.267,0,0.156,0.0513,0.00102,0.358,0.535,137.794,audio_features,6Wn3pdFtAcnYJyJVITwt7N,spotify:track:6Wn3pdFtAcnYJyJVITwt7N,https://api.spotify.com/v1/tracks/6Wn3pdFtAcnYJyJVITwt7N,https://api.spotify.com/v1/audio-analysis/6Wn3pdFtAcnYJyJVITwt7N,203293,4,Girls Got Rhythm,Highway to Hell,Highway to Hell,1979-07-27,10v912xgTZbjAtYfyKWJCS
0.233,0.87,9,-4.653,1,0.0643,0.00791,0.0198,0.251,0.409,162.003,audio_features,5xquYn2sr3uEcyuKU9BmCJ,spotify:track:5xquYn2sr3uEcyuKU9BmCJ,https://api.spotify.com/v1/tracks/5xquYn2sr3uEcyuKU9BmCJ,https://api.spotify.com/v1/audio-analysis/5xquYn2sr3uEcyuKU9BmCJ,310000,4,Walk All Over You,Highway to Hell,Highway to Hell,1979-07-27,10v912xgTZbjAtYfyKWJCS
0.524,0.906,7,-4.301,1,0.0963,0.037,3.64e-05,0.309,0.605,123.1,audio_features,2j0zExWFB0PowLOeoZosjK,spotify:track:2j0zExWFB0PowLOeoZosjK,https://api.spotify.com/v1/tracks/2j0zExWFB0PowLOeoZosjK,https://api.spotify.com/v1/audio-analysis/2j0zExWFB0PowLOeoZosjK,266267,4,Touch Too Much,Highway to Hell,Highway to Hell,1979-07-27,10v912xgTZbjAtYfyKWJCS
0.476,0.889,1,-5.733,0,0.1,0.00102,0.102,0.17,0.493,115.754,audio_features,7sZKoFbEu4mPuCMX5cxLSb,spotify:track:7sZKoFbEu4mPuCMX5cxLSb,https://api.spotify.com/v1/tracks/7sZKoFbEu4mPuCMX5cxLSb,https://api.spotify.com/v1/audio-analysis/7sZKoFbEu4mPuCMX5cxLSb,235707,4,Beating Around the Bush,Highway to Hell,Highway to Hell,1979-07-27,10v912xgTZbjAtYfyKWJCS
0.531,0.864,7,-4.534,1,0.08,0.00164,0.132,0.884,0.665,130.722,audio_features,6pivm7pNF4GyBkHNGseHCS,spotify:track:6pivm7pNF4GyBkHNGseHCS,https://api.spotify.com/v1/tracks/6pivm7pNF4GyBkHNGseHCS,https://api.spotify.com/v1/audio-analysis/6pivm7pNF4GyBkHNGseHCS,202867,4,Shot Down in Flames,Highway to Hell,Highway to Hell,1979-07-27,10v912xgTZbjAtYfyKWJCS
0.648,0.831,3,-4.635,1,0.0329,0.000514,0.564,0.0951,0.834,129.855,audio_features,7HbHwtTGM3kCjDtmP00x4h,spotify:track:7HbHwtTGM3kCjDtmP00x4h,https://api.spotify.com/v1/tracks/7HbHwtTGM3kCjDtmP00x4h,https://api.spotify.com/v1/audio-analysis/7HbHwtTGM3kCjDtmP00x4h,154507,4,Get It Hot,Highway to Hell,Highway to Hell,1979-07-27,10v912xgTZbjAtYfyKWJCS
0.487,0.932,2,-4.001,1,0.117,0.0311,0.149,0.43,0.54,141.243,audio_features,7zscdQe9CjzXnqT3P1Ey7K,spotify:track:7zscdQe9CjzXnqT3P1Ey7K,https://api.spotify.com/v1/tracks/7zscdQe9CjzXnqT3P1Ey7K,https://api.spotify.com/v1/audio-analysis/7zscdQe9CjzXnqT3P1Ey7K,274227,4,If You Want Blood (You've Got It),Highway to Hell,Highway to Hell,1979-07-27,10v912xgTZbjAtYfyKWJCS
0.511,0.838,1,-5.026,1,0.0516,0.0019,0.0653,0.24,0.551,120.181,audio_features,1Kbc8nH6BhsWnTuM22qypl,spotify:track:1Kbc8nH6BhsWnTuM22qypl,https://api.spotify.com/v1/tracks/1Kbc8nH6BhsWnTuM22qypl,https://api.spotify.com/v1/audio-analysis/1Kbc8nH6BhsWnTuM22qypl,257173,4,Love Hungry Man,Highway to Hell,Highway to Hell,1979-07-27,10v912xgTZbjAtYfyKWJCS
0.251,0.73,6,-5.002,1,0.0615,0.024,0.0137,0.181,0.482,197.304,audio_features,7w04gIWA7mIbqR03Ghyrkl,spotify:track:7w04gIWA7mIbqR03Ghyrkl,https://api.spotify.com/v1/tracks/7w04gIWA7mIbqR03Ghyrkl,https://api.spotify.com/v1/audio-analysis/7w04gIWA7mIbqR03Ghyrkl,387960,3,Night Prowler,Highway to Hell,Highway to Hell,1979-07-27,10v912xgTZbjAtYfyKWJCS
0.195,0.973,2,-4.4,1,0.106,2.32e-05,0.727,0.971,0.14,181.854,audio_features,3TUyK8veWjZqlKFZRPwojT,spotify:track:3TUyK8veWjZqlKFZRPwojT,https://api.spotify.com/v1/tracks/3TUyK8veWjZqlKFZRPwojT,https://api.spotify.com/v1/audio-analysis/3TUyK8veWjZqlKFZRPwojT,359080,4,"Riff Raff - Live at the Apollo Theatre, Glasgow, Scotland - April 1978",If You Want Blood You've Got It (Live),If You Want Blood You've Got It,1978-10-13,38MklVAM0DEnMCLucNckDD
0.539,0.878,2,-2.87,1,0.071,0.00154,0.588,0.877,0.24,129.448,audio_features,3K8xCiaZKUhHHbO9QDpYjz,spotify:track:3K8xCiaZKUhHHbO9QDpYjz,https://api.spotify.com/v1/tracks/3K8xCiaZKUhHHbO9QDpYjz,https://api.spotify.com/v1/audio-analysis/3K8xCiaZKUhHHbO9QDpYjz,250960,4,"Hell Ain't a Bad Place to Be - Live at the Apollo Theatre, Glasgow, Scotland - April 1978",If You Want Blood You've Got It (Live),If You Want Blood You've Got It,1978-10-13,38MklVAM0DEnMCLucNckDD
0.274,0.932,2,-4.573,1,0.063,0.0035,0.59,0.971,0.0979,139.925,audio_features,4Fa0k3oOSA5KTwpqhfGSSU,spotify:track:4Fa0k3oOSA5KTwpqhfGSSU,https://api.spotify.com/v1/tracks/4Fa0k3oOSA5KTwpqhfGSSU,https://api.spotify.com/v1/audio-analysis/4Fa0k3oOSA5KTwpqhfGSSU,449987,4,"Bad Boy Boogie - Live at the Apollo Theatre, Glasgow, Scotland - April 1978",If You Want Blood You've Got It (Live),If You Want Blood You've Got It,1978-10-13,38MklVAM0DEnMCLucNckDD
0.283,0.745,9,-5.658,1,0.0782,0.000713,0.0883,0.983,0.438,69.417,audio_features,20vUoaDskVhjYMsNMryrD0,spotify:track:20vUoaDskVhjYMsNMryrD0,https://api.spotify.com/v1/tracks/20vUoaDskVhjYMsNMryrD0,https://api.spotify.com/v1/audio-analysis/20vUoaDskVhjYMsNMryrD0,348573,4,"The Jack - Live at the Apollo Theatre, Glasgow, Scotland - April 1978",If You Want Blood You've Got It (Live),If You Want Blood You've Got It,1978-10-13,38MklVAM0DEnMCLucNckDD
0.391,0.955,7,-3.87,1,0.0892,0.000113,0.25,0.983,0.55,138.966,audio_features,0fUyiY8d2SxITRs5cJWR4X,spotify:track:0fUyiY8d2SxITRs5cJWR4X,https://api.spotify.com/v1/tracks/0fUyiY8d2SxITRs5cJWR4X,https://api.spotify.com/v1/audio-analysis/0fUyiY8d2SxITRs5cJWR4X,280933,4,"Problem Child - Live at the Apollo Theatre, Glasgow, Scotland - April 1978",If You Want Blood You've Got It (Live),If You Want Blood You've Got It,1978-10-13,38MklVAM0DEnMCLucNckDD
0.257,0.958,2,-2.946,1,0.157,0.000945,0.439,0.762,0.401,165.352,audio_features,23t7CA5Oa5D1gRXyQL7wm8,spotify:track:23t7CA5Oa5D1gRXyQL7wm8,https://api.spotify.com/v1/tracks/23t7CA5Oa5D1gRXyQL7wm8,https://api.spotify.com/v1/audio-analysis/23t7CA5Oa5D1gRXyQL7wm8,245000,4,"Whole Lotta Rosie - Live at the Apollo Theatre, Glasgow, Scotland - April 1978",If You Want Blood You've Got It (Live),If You Want Blood You've Got It,1978-10-13,38MklVAM0DEnMCLucNckDD
0.512,0.976,2,-2.948,1,0.0695,0.000999,0.786,0.803,0.147,132.848,audio_features,3zVf2mdjHI2dCAVMyCGOKr,spotify:track:3zVf2mdjHI2dCAVMyCGOKr,https://api.spotify.com/v1/tracks/3zVf2mdjHI2dCAVMyCGOKr,https://api.spotify.com/v1/audio-analysis/3zVf2mdjHI2dCAVMyCGOKr,221053,4,"Rock 'N' Roll Damnation - Live at the Apollo Theatre, Glasgow, Scotland - April 1978",If You Want Blood You've Got It (Live),If You Want Blood You've Got It,1978-10-13,38MklVAM0DEnMCLucNckDD
0.55,0.919,9,-4.572,1,0.0604,0.00028,0.602,0.935,0.564,136.117,audio_features,4cQAnZie2nr9ZhymIBXi9v,spotify:track:4cQAnZie2nr9ZhymIBXi9v,https://api.spotify.com/v1/tracks/4cQAnZie2nr9ZhymIBXi9v,https://api.spotify.com/v1/audio-analysis/4cQAnZie2nr9ZhymIBXi9v,305360,4,"High Voltage - Live at the Apollo Theatre, Glasgow, Scotland - April 1978",If You Want Blood You've Got It (Live),If You Want Blood You've Got It,1978-10-13,38MklVAM0DEnMCLucNckDD
0.156,0.976,0,-4.87,1,0.219,0.000369,0.146,0.968,0.0865,191.62,audio_features,3Vy9XOOTEU6zMvTozAcHZK,spotify:track:3Vy9XOOTEU6zMvTozAcHZK,https://api.spotify.com/v1/tracks/3Vy9XOOTEU6zMvTozAcHZK,https://api.spotify.com/v1/audio-analysis/3Vy9XOOTEU6zMvTozAcHZK,513707,4,"Let There Be Rock - Live at the Apollo Theatre, Glasgow, Scotland - April 1978",If You Want Blood You've Got It (Live),If You Want Blood You've Got It,1978-10-13,38MklVAM0DEnMCLucNckDD
0.17,0.995,2,-3.648,1,0.152,0.000104,0.458,0.954,0.159,185.503,audio_features,3gG3w52fGzMpJdhcJURwaB,spotify:track:3gG3w52fGzMpJdhcJURwaB,https://api.spotify.com/v1/tracks/3gG3w52fGzMpJdhcJURwaB,https://api.spotify.com/v1/audio-analysis/3gG3w52fGzMpJdhcJURwaB,204907,4,"Rocker - Live at the Apollo Theatre, Glasgow, Scotland - April 1978",If You Want Blood You've Got It (Live),If You Want Blood You've Got It,1978-10-13,38MklVAM0DEnMCLucNckDD
0.524,0.995,9,-2.676,1,0.106,0.0327,0.147,0.0819,0.323,133.596,audio_features,2308VPPaMh7Q3AX1Zap99A,spotify:track:2308VPPaMh7Q3AX1Zap99A,https://api.spotify.com/v1/tracks/2308VPPaMh7Q3AX1Zap99A,https://api.spotify.com/v1/audio-analysis/2308VPPaMh7Q3AX1Zap99A,217640,4,Rock 'N' Roll Damnation,Powerage,Powerage,1978-05-05,4iMaHsHqTg3rwOtRa5wEbm
0.491,0.685,4,-5.07,1,0.0369,0.0209,0.0958,0.312,0.193,129.271,audio_features,4TJzAQN4lSRLMafylE0c4a,spotify:track:4TJzAQN4lSRLMafylE0c4a,https://api.spotify.com/v1/tracks/4TJzAQN4lSRLMafylE0c4a,https://api.spotify.com/v1/audio-analysis/4TJzAQN4lSRLMafylE0c4a,363733,4,Down Payment Blues,Powerage,Powerage,1978-05-05,4iMaHsHqTg3rwOtRa5wEbm
0.605,0.924,1,-4.217,1,0.0338,0.0058,0.615,0.0542,0.919,125.737,audio_features,64CT9WMHVxDmqF8Aa0IjAj,spotify:track:64CT9WMHVxDmqF8Aa0IjAj,https://api.spotify.com/v1/tracks/64CT9WMHVxDmqF8Aa0IjAj,https://api.spotify.com/v1/audio-analysis/64CT9WMHVxDmqF8Aa0IjAj,201680,4,Gimme a Bullet,Powerage,Powerage,1978-05-05,4iMaHsHqTg3rwOtRa5wEbm
0.179,0.978,9,-3.787,1,0.0945,0.00032,0.85,0.264,0.251,185.188,audio_features,0DZwrC4QQOYqpcxCeZzwDg,spotify:track:0DZwrC4QQOYqpcxCeZzwDg,https://api.spotify.com/v1/tracks/0DZwrC4QQOYqpcxCeZzwDg,https://api.spotify.com/v1/audio-analysis/0DZwrC4QQOYqpcxCeZzwDg,311880,4,Riff Raff,Powerage,Powerage,1978-05-05,4iMaHsHqTg3rwOtRa5wEbm
0.543,0.757,9,-4.986,1,0.0497,0.00197,0.626,0.103,0.22,127.648,audio_features,3UQQ7g6J8fiMB7oldQzBoq,spotify:track:3UQQ7g6J8fiMB7oldQzBoq,https://api.spotify.com/v1/tracks/3UQQ7g6J8fiMB7oldQzBoq,https://api.spotify.com/v1/audio-analysis/3UQQ7g6J8fiMB7oldQzBoq,285040,4,Sin City,Powerage,Powerage,1978-05-05,4iMaHsHqTg3rwOtRa5wEbm
0.513,0.825,9,-5.019,1,0.0556,0.00115,0.00591,0.187,0.894,140.949,audio_features,2wr9GtUc8xPMhTVZTc191u,spotify:track:2wr9GtUc8xPMhTVZTc191u,https://api.spotify.com/v1/tracks/2wr9GtUc8xPMhTVZTc191u,https://api.spotify.com/v1/audio-analysis/2wr9GtUc8xPMhTVZTc191u,211813,4,What's Next to the Moon,Powerage,Powerage,1978-05-05,4iMaHsHqTg3rwOtRa5wEbm
0.696,0.593,11,-5.442,1,0.0349,0.00306,0.762,0.115,0.385,121.475,audio_features,69MwNXryg6NT1lV7buN7U7,spotify:track:69MwNXryg6NT1lV7buN7U7,https://api.spotify.com/v1/tracks/69MwNXryg6NT1lV7buN7U7,https://api.spotify.com/v1/audio-analysis/69MwNXryg6NT1lV7buN7U7,305587,4,Gone Shootin',Powerage,Powerage,1978-05-05,4iMaHsHqTg3rwOtRa5wEbm
0.422,0.938,9,-3.932,1,0.0434,0.00022,0.88,0.0548,0.498,138.437,audio_features,61iaXFZKvm1cGv4hBleohH,spotify:track:61iaXFZKvm1cGv4hBleohH,https://api.spotify.com/v1/tracks/61iaXFZKvm1cGv4hBleohH,https://api.spotify.com/v1/audio-analysis/61iaXFZKvm1cGv4hBleohH,253427,4,Up to My Neck in You,Powerage,Powerage,1978-05-05,4iMaHsHqTg3rwOtRa5wEbm
0.266,0.817,9,-4.711,1,0.0779,0.000781,0.0795,0.0759,0.311,160.779,audio_features,0r1gRXwNZiGljDRa2EToL8,spotify:track:0r1gRXwNZiGljDRa2EToL8,https://api.spotify.com/v1/tracks/0r1gRXwNZiGljDRa2EToL8,https://api.spotify.com/v1/audio-analysis/0r1gRXwNZiGljDRa2EToL8,243400,4,Kicked in the Teeth,Powerage,Powerage,1978-05-05,4iMaHsHqTg3rwOtRa5wEbm
0.433,0.803,9,-5.378,1,0.121,0.0858,0.354,0.0838,0.401,134.84,audio_features,7A944u5mXbkCz0I5BdLckI,spotify:track:7A944u5mXbkCz0I5BdLckI,https://api.spotify.com/v1/tracks/7A944u5mXbkCz0I5BdLckI,https://api.spotify.com/v1/audio-analysis/7A944u5mXbkCz0I5BdLckI,331480,4,Go Down,Let There Be Rock,Let There Be Rock,1977-03-21,3JwFNl80WWeXPiKEjIFbqa
0.596,0.792,10,-5.556,1,0.0768,0.0289,0.252,0.458,0.394,137.391,audio_features,0L0x35hQnmCLtHeSGQlEZj,spotify:track:0L0x35hQnmCLtHeSGQlEZj,https://api.spotify.com/v1/tracks/0L0x35hQnmCLtHeSGQlEZj,https://api.spotify.com/v1/audio-analysis/0L0x35hQnmCLtHeSGQlEZj,214853,4,Dog Eat Dog,Let There Be Rock,Let There Be Rock,1977-03-21,3JwFNl80WWeXPiKEjIFbqa
0.332,0.725,11,-5.809,0,0.116,0.000209,0.607,0.0767,0.422,182.364,audio_features,753KutoAy00apPsplMRetG,spotify:track:753KutoAy00apPsplMRetG,https://api.spotify.com/v1/tracks/753KutoAy00apPsplMRetG,https://api.spotify.com/v1/audio-analysis/753KutoAy00apPsplMRetG,366347,4,Let There Be Rock,Let There Be Rock,Let There Be Rock,1977-03-21,3JwFNl80WWeXPiKEjIFbqa
0.494,0.853,9,-4.963,1,0.0806,0.12,0.192,0.254,0.538,141.482,audio_features,6HGkds3oqTAr4qyCRZmy4b,spotify:track:6HGkds3oqTAr4qyCRZmy4b,https://api.spotify.com/v1/tracks/6HGkds3oqTAr4qyCRZmy4b,https://api.spotify.com/v1/audio-analysis/6HGkds3oqTAr4qyCRZmy4b,267613,4,Bad Boy Boogie,Let There Be Rock,Let There Be Rock,1977-03-21,3JwFNl80WWeXPiKEjIFbqa
0.443,0.869,9,-3.9,1,0.126,0.00305,0.104,0.0867,0.703,134.208,audio_features,5wTuWXWREngkFGtBXhOaI9,spotify:track:5wTuWXWREngkFGtBXhOaI9,https://api.spotify.com/v1/tracks/5wTuWXWREngkFGtBXhOaI9,https://api.spotify.com/v1/audio-analysis/5wTuWXWREngkFGtBXhOaI9,324693,4,Problem Child,Let There Be Rock,Let There Be Rock,1977-03-21,3JwFNl80WWeXPiKEjIFbqa
0.401,0.723,9,-4.348,1,0.0552,0.0146,0.209,0.167,0.247,127.781,audio_features,7EIPa69XVt6wTdLRkXklXq,spotify:track:7EIPa69XVt6wTdLRkXklXq,https://api.spotify.com/v1/tracks/7EIPa69XVt6wTdLRkXklXq,https://api.spotify.com/v1/audio-analysis/7EIPa69XVt6wTdLRkXklXq,369053,4,Overdose,Let There Be Rock,Let There Be Rock,1977-03-21,3JwFNl80WWeXPiKEjIFbqa
0.604,0.737,9,-5.284,1,0.175,0.181,0.0146,0.346,0.417,128.056,audio_features,79KUOd1p6yNjh2Jkr9IQHk,spotify:track:79KUOd1p6yNjh2Jkr9IQHk,https://api.spotify.com/v1/tracks/79KUOd1p6yNjh2Jkr9IQHk,https://api.spotify.com/v1/audio-analysis/79KUOd1p6yNjh2Jkr9IQHk,254120,4,Hell Ain't a Bad Place to Be,Let There Be Rock,Let There Be Rock,1977-03-21,3JwFNl80WWeXPiKEjIFbqa
0.292,0.838,9,-4.459,1,0.078,0.0014,0.479,0.0953,0.423,159.176,audio_features,4wYq5wugZDzQiMZQYG4wVB,spotify:track:4wYq5wugZDzQiMZQYG4wVB,https://api.spotify.com/v1/tracks/4wYq5wugZDzQiMZQYG4wVB,https://api.spotify.com/v1/audio-analysis/4wYq5wugZDzQiMZQYG4wVB,333800,4,Whole Lotta Rosie,Let There Be Rock,Let There Be Rock,1977-03-21,3JwFNl80WWeXPiKEjIFbqa
0.668,0.906,11,-4.881,0,0.17,0.214,0.00245,0.135,0.507,135.653,audio_features,2d4e45fmUnguxh6yqC7gNT,spotify:track:2d4e45fmUnguxh6yqC7gNT,https://api.spotify.com/v1/tracks/2d4e45fmUnguxh6yqC7gNT,https://api.spotify.com/v1/audio-analysis/2d4e45fmUnguxh6yqC7gNT,231933,4,Dirty Deeds Done Dirt Cheap,Dirty Deeds Done Dirt Cheap,Dirty Deeds Done Dirt Cheap,1976-09-20,76mvVgXOde87B9aOzLXCOI
0.546,0.786,2,-6.442,1,0.0425,0.0145,0.274,0.132,0.567,122.838,audio_features,4bP7RH0Ce8Y1XmNye0SVYs,spotify:track:4bP7RH0Ce8Y1XmNye0SVYs,https://api.spotify.com/v1/tracks/4bP7RH0Ce8Y1XmNye0SVYs,https://api.spotify.com/v1/audio-analysis/4bP7RH0Ce8Y1XmNye0SVYs,191467,4,Love at First Feel,Dirty Deeds Done Dirt Cheap,Dirty Deeds Done Dirt Cheap,1976-09-20,76mvVgXOde87B9aOzLXCOI
0.62,0.634,9,-6.324,1,0.198,0.432,0.0,0.604,0.415,107.066,audio_features,2KmSnPWWCIsEomVsKnbE1a,spotify:track:2KmSnPWWCIsEomVsKnbE1a,https://api.spotify.com/v1/tracks/2KmSnPWWCIsEomVsKnbE1a,https://api.spotify.com/v1/audio-analysis/2KmSnPWWCIsEomVsKnbE1a,158773,4,Big Balls,Dirty Deeds Done Dirt Cheap,Dirty Deeds Done Dirt Cheap,1976-09-20,76mvVgXOde87B9aOzLXCOI
0.431,0.955,1,-4.09,1,0.162,0.2,0.703,0.14,0.481,118.051,audio_features,4eutZb21bHZerJnxqW5lB0,spotify:track:4eutZb21bHZerJnxqW5lB0,https://api.spotify.com/v1/tracks/4eutZb21bHZerJnxqW5lB0,https://api.spotify.com/v1/audio-analysis/4eutZb21bHZerJnxqW5lB0,171093,4,Rocker,Dirty Deeds Done Dirt Cheap,Dirty Deeds Done Dirt Cheap,1976-09-20,76mvVgXOde87B9aOzLXCOI
0.466,0.836,11,-4.223,0,0.117,0.00373,0.154,0.043,0.659,134.296,audio_features,4cKoFvIkCA88axbQ6hfbRC,spotify:track:4cKoFvIkCA88axbQ6hfbRC,https://api.spotify.com/v1/tracks/4cKoFvIkCA88axbQ6hfbRC,https://api.spotify.com/v1/audio-analysis/4cKoFvIkCA88axbQ6hfbRC,345867,4,Problem Child,Dirty Deeds Done Dirt Cheap,Dirty Deeds Done Dirt Cheap,1976-09-20,76mvVgXOde87B9aOzLXCOI
0.55,0.793,2,-4.776,1,0.0462,0.124,0.000138,0.74,0.582,126.591,audio_features,1OFNVz8rx3pMl9FrL1IlDE,spotify:track:1OFNVz8rx3pMl9FrL1IlDE,https://api.spotify.com/v1/tracks/1OFNVz8rx3pMl9FrL1IlDE,https://api.spotify.com/v1/audio-analysis/1OFNVz8rx3pMl9FrL1IlDE,198173,4,There's Gonna Be Some Rockin',Dirty Deeds Done Dirt Cheap,Dirty Deeds Done Dirt Cheap,1976-09-20,76mvVgXOde87B9aOzLXCOI
0.403,0.806,2,-4.727,1,0.0562,0.00919,0.0353,0.113,0.551,123.819,audio_features,73HVgj1xXW9vuiRsFAKwyr,spotify:track:73HVgj1xXW9vuiRsFAKwyr,https://api.spotify.com/v1/tracks/73HVgj1xXW9vuiRsFAKwyr,https://api.spotify.com/v1/audio-analysis/73HVgj1xXW9vuiRsFAKwyr,414027,4,Ain't No Fun (Waiting Round to Be a Millionaire),Dirty Deeds Done Dirt Cheap,Dirty Deeds Done Dirt Cheap,1976-09-20,76mvVgXOde87B9aOzLXCOI
0.73,0.388,0,-9.511,1,0.051,0.514,0.00791,0.0735,0.279,105.716,audio_features,594ONMYoHlJnqHPEx98t08,spotify:track:594ONMYoHlJnqHPEx98t08,https://api.spotify.com/v1/tracks/594ONMYoHlJnqHPEx98t08,https://api.spotify.com/v1/audio-analysis/594ONMYoHlJnqHPEx98t08,350267,3,Ride On,Dirty Deeds Done Dirt Cheap,Dirty Deeds Done Dirt Cheap,1976-09-20,76mvVgXOde87B9aOzLXCOI
0.475,0.607,0,-6.528,1,0.0929,0.0755,0.0802,0.169,0.668,131.149,audio_features,7EERPGGkPTXUcjXFo4o7jN,spotify:track:7EERPGGkPTXUcjXFo4o7jN,https://api.spotify.com/v1/tracks/7EERPGGkPTXUcjXFo4o7jN,https://api.spotify.com/v1/audio-analysis/7EERPGGkPTXUcjXFo4o7jN,327493,4,Squealer,Dirty Deeds Done Dirt Cheap,Dirty Deeds Done Dirt Cheap,1976-09-20,76mvVgXOde87B9aOzLXCOI
0.456,0.863,3,-3.551,1,0.0894,0.133,0.0538,0.0553,0.532,135.962,audio_features,7nemcVsXVFZF01iqpIIo2Y,spotify:track:7nemcVsXVFZF01iqpIIo2Y,https://api.spotify.com/v1/tracks/7nemcVsXVFZF01iqpIIo2Y,https://api.spotify.com/v1/audio-analysis/7nemcVsXVFZF01iqpIIo2Y,301227,4,It's a Long Way to the Top (If You Wanna Rock 'N' Roll),High Voltage,High Voltage,1976-05-14,19AUoKWRAaQYrggVvdQnqq
0.635,0.709,9,-4.512,1,0.104,0.257,0.00153,0.0836,0.714,133.591,audio_features,65Wa8Fu1ASV3B0dz2vwKNQ,spotify:track:65Wa8Fu1ASV3B0dz2vwKNQ,https://api.spotify.com/v1/tracks/65Wa8Fu1ASV3B0dz2vwKNQ,https://api.spotify.com/v1/audio-analysis/65Wa8Fu1ASV3B0dz2vwKNQ,303667,4,Rock 'N' Roll Singer,High Voltage,High Voltage,1976-05-14,19AUoKWRAaQYrggVvdQnqq
0.646,0.473,9,-6.297,1,0.0619,0.0094,0.000337,0.195,0.367,112.326,audio_features,3k1WwLG1OXCm6iQ13VrJEL,spotify:track:3k1WwLG1OXCm6iQ13VrJEL,https://api.spotify.com/v1/tracks/3k1WwLG1OXCm6iQ13VrJEL,https://api.spotify.com/v1/audio-analysis/3k1WwLG1OXCm6iQ13VrJEL,352040,4,The Jack,High Voltage,High Voltage,1976-05-14,19AUoKWRAaQYrggVvdQnqq
0.586,0.84,7,-5.341,1,0.0487,0.0122,0.0116,0.0842,0.0784,132.36,audio_features,6FWoYwZa13llS7nj0SG65F,spotify:track:6FWoYwZa13llS7nj0SG65F,https://api.spotify.com/v1/tracks/6FWoYwZa13llS7nj0SG65F,https://api.spotify.com/v1/audio-analysis/6FWoYwZa13llS7nj0SG65F,348600,4,Live Wire,High Voltage,High Voltage,1976-05-14,19AUoKWRAaQYrggVvdQnqq
0.754,0.759,9,-5.218,1,0.302,0.153,0.000108,0.101,0.435,126.366,audio_features,7LRMbd3LEoV5wZJvXT1Lwb,spotify:track:7LRMbd3LEoV5wZJvXT1Lwb,https://api.spotify.com/v1/tracks/7LRMbd3LEoV5wZJvXT1Lwb,https://api.spotify.com/v1/audio-analysis/7LRMbd3LEoV5wZJvXT1Lwb,214667,4,T.N.T.,High Voltage,High Voltage,1976-05-14,19AUoKWRAaQYrggVvdQnqq
0.568,0.746,8,-5.844,1,0.101,0.0452,0.0587,0.0924,0.467,134.987,audio_features,75uv44LGpyL0DhyLli3aXh,spotify:track:75uv44LGpyL0DhyLli3aXh,https://api.spotify.com/v1/tracks/75uv44LGpyL0DhyLli3aXh,https://api.spotify.com/v1/audio-analysis/75uv44LGpyL0DhyLli3aXh,251373,4,Can I Sit Next to You Girl,High Voltage,High Voltage,1976-05-14,19AUoKWRAaQYrggVvdQnqq
0.576,0.516,2,-6.091,1,0.0436,0.00144,0.00551,0.199,0.237,106.004,audio_features,4XyONPP3WOcquMO5WVj4mw,spotify:track:4XyONPP3WOcquMO5WVj4mw,https://api.spotify.com/v1/tracks/4XyONPP3WOcquMO5WVj4mw,https://api.spotify.com/v1/audio-analysis/4XyONPP3WOcquMO5WVj4mw,338307,4,Little Lover,High Voltage,High Voltage,1976-05-14,19AUoKWRAaQYrggVvdQnqq
0.691,0.415,2,-5.627,1,0.0347,0.0798,0.0254,0.0401,0.493,116.328,audio_features,1Qvghv6QpCSB3RiycaDiWz,spotify:track:1Qvghv6QpCSB3RiycaDiWz,https://api.spotify.com/v1/tracks/1Qvghv6QpCSB3RiycaDiWz,https://api.spotify.com/v1/audio-analysis/1Qvghv6QpCSB3RiycaDiWz,291307,4,She's Got Balls,High Voltage,High Voltage,1976-05-14,19AUoKWRAaQYrggVvdQnqq
0.561,0.785,9,-4.973,1,0.0629,0.0282,0.451,0.0615,0.546,137.153,audio_features,5pLgH1bCkBV3bbmvm0qvom,spotify:track:5pLgH1bCkBV3bbmvm0qvom,https://api.spotify.com/v1/tracks/5pLgH1bCkBV3bbmvm0qvom,https://api.spotify.com/v1/audio-analysis/5pLgH1bCkBV3bbmvm0qvom,254200,4,High Voltage,High Voltage,High Voltage,1976-05-14,19AUoKWRAaQYrggVvdQnqq
